time_s,setpoint,T1_measured,T2_measured,Tmean_measured,T1_equilibrium_from_steady,T2_equilibrium_from_steady,Tmean_equilibrium_from_steady,T1_dynamic_fit,T2_dynamic_fit,Tmean_dynamic_fit,Tsurface_final_model_from_setpoint,Tmean_minus_final_model_C
0.0,35.0,34.8,34.8,34.8,39.44804014690984,39.690555344478234,39.56929774569404,34.8,34.8,34.8,34.8,0.0
1.0,35.0,34.8,34.9,34.849999999999994,39.44804014690984,39.690555344478234,39.56929774569404,35.05661958999533,35.04795124706358,35.051733080859584,35.051733080859584,-0.20173308085959007
2.0,35.0,34.9,34.9,34.9,39.44804014690984,39.690555344478234,39.56929774569404,35.299071141013385,35.283331361282336,35.29017918586276,35.29017918586276,-0.39017918586276323
3.0,35.0,34.9,34.9,34.9,39.44804014690984,39.690555344478234,39.56929774569404,35.52813687442887,35.506777699325674,35.516039628189375,35.516039628189375,-0.6160396281893767
4.0,35.0,34.9,35.0,34.95,39.44804014690984,39.690555344478234,39.56929774569404,35.74455582495669,35.71889530386798,35.729978704305935,35.729978704305935,-0.7799787043059325
5.0,35.0,34.9,35.0,34.95,39.44804014690984,39.690555344478234,39.56929774569404,35.949026224999514,35.92025854190879,35.932625647781855,35.932625647781855,-0.9826256477818518
6.0,35.0,34.9,35.0,34.95,39.44804014690984,39.690555344478234,39.56929774569404,36.142207757354726,36.11141266003004,36.12457647997933,36.12457647997933,-1.1745764799793292
7.0,35.0,35.0,35.0,35.0,39.44804014690984,39.690555344478234,39.56929774569404,36.324723683548896,36.292875260801836,36.30639576306012,36.30639576306012,-1.3063957630601166
8.0,35.0,35.0,35.1,35.05,39.44804014690984,39.690555344478234,39.56929774569404,36.49716285466626,36.46513770433432,36.47861826046508,36.47861826046508,-1.428618260465086
9.0,35.0,35.0,35.1,35.05,39.44804014690984,39.690555344478234,39.56929774569404,36.66008161115882,36.62866643877089,36.641750509750345,36.641750509750345,-1.591750509750348
10.0,35.0,35.0,35.1,35.05,39.44804014690984,39.690555344478234,39.56929774569404,36.81400557776743,36.78390426332541,36.796272312405975,36.796272312405975,-1.7462723124059778
11.0,35.0,35.0,35.1,35.05,39.44804014690984,39.690555344478234,39.56929774569404,36.9594313593447,36.931271527283336,36.942638145039055,36.942638145039055,-1.892638145039058
12.0,35.0,35.0,35.1,35.05,39.44804014690984,39.690555344478234,39.56929774569404,37.09682814305113,37.071167268213514,37.08127849607171,37.08127849607171,-2.031278496071714
13.0,35.0,35.0,35.1,35.05,39.44804014690984,39.690555344478234,39.56929774569404,37.226639212093524,37.20397029247263,37.21260113188552,37.21260113188552,-2.1626011318855234
14.0,35.0,35.0,35.1,35.05,39.44804014690984,39.690555344478234,39.56929774569404,37.349283375889485,37.33004020092803,37.33699229613627,37.33699229613627,-2.286992296136276
15.0,35.0,35.1,35.2,35.150000000000006,39.44804014690984,39.690555344478234,39.56929774569404,37.46515632127212,37.449718362676386,37.45481784576655,37.45481784576655,-2.304817845766543
16.0,35.0,35.1,35.2,35.150000000000006,39.44804014690984,39.690555344478234,39.56929774569404,37.57463188909436,37.5633288393948,37.56642432705721,37.56642432705721,-2.416424327057207
17.0,35.0,35.1,35.2,35.150000000000006,39.44804014690984,39.690555344478234,39.56929774569404,37.67806328035162,37.671179262827316,37.67213999488282,37.67213999488282,-2.5221399948828136
18.0,35.0,35.1,35.2,35.150000000000006,39.44804014690984,39.690555344478234,39.56929774569404,37.77578419571406,37.77356166778283,37.772275778168634,37.772275778168634,-2.6222757781686283
19.0,35.0,35.1,35.2,35.150000000000006,39.44804014690984,39.690555344478234,39.56929774569404,37.86810991214498,37.870753282899976,37.867126194388916,37.867126194388916,-2.7171261943889107
20.0,35.0,35.1,35.2,35.150000000000006,39.44804014690984,39.690555344478234,39.56929774569404,37.95533830007879,37.96301728132025,37.95697021579615,37.95697021579615,-2.8069702157961416
21.0,35.0,35.1,35.2,35.150000000000006,39.44804014690984,39.690555344478234,39.56929774569404,38.03775078444034,38.05060349330197,38.04207208992895,38.04207208992895,-2.892072089928945
22.0,35.0,35.1,35.2,35.150000000000006,39.44804014690984,39.690555344478234,39.56929774569404,38.11561325260605,38.13374908270472,38.12268211681197,38.12268211681197,-2.972682116811967
23.0,35.0,35.1,35.2,35.150000000000006,39.44804014690984,39.690555344478234,39.56929774569404,38.1891769122363,38.21267918917595,38.19903738513358,38.19903738513358,-3.0490373851335733
24.0,35.0,35.1,35.2,35.150000000000006,39.44804014690984,39.690555344478234,39.56929774569404,38.25867910174662,38.287607537778825,38.271362469566625,38.271362469566625,-3.12136246956662
25.0,35.0,35.1,35.2,35.150000000000006,39.44804014690984,39.690555344478234,39.56929774569404,38.324344056032594,38.35873701771182,38.33987009128324,38.33987009128324,-3.1898700912832325
26.0,35.0,35.1,35.2,35.150000000000006,39.44804014690984,39.690555344478234,39.56929774569404,38.386383629918804,38.426260231687245,38.404761743606315,38.404761743606315,-3.254761743606309
27.0,35.0,35.1,35.2,35.150000000000006,39.44804014690984,39.690555344478234,39.56929774569404,38.44499798166601,38.49036001745633,38.46622828463788,38.46622828463788,-3.316228284637873
28.0,35.0,35.1,35.2,35.150000000000006,39.44804014690984,39.690555344478234,39.56929774569404,38.50037621874171,38.55120994289291,38.52445049860732,38.52445049860732,-3.3744504986073167
29.0,35.0,35.1,35.2,35.150000000000006,39.44804014690984,39.690555344478234,39.56929774569404,38.55269700793746,38.60897477597638,38.57959962759057,38.57959962759057,-3.4295996275905622
30.0,35.0,35.1,35.2,35.150000000000006,39.44804014690984,39.690555344478234,39.56929774569404,38.60212915180158,38.663810930946504,38.63183787516403,38.63183787516403,-3.4818378751640253
31.0,35.0,35.1,35.2,35.150000000000006,39.44804014690984,39.690555344478234,39.56929774569404,38.64883213324668,38.71586689183818,38.6813188834747,38.6813188834747,-3.5313188834746967
32.0,35.0,35.1,35.2,35.150000000000006,39.44804014690984,39.690555344478234,39.56929774569404,38.69295663008941,38.76528361454299,38.72818818512954,38.72818818512954,-3.578188185129534
33.0,35.0,35.1,35.2,35.150000000000006,39.44804014690984,39.690555344478234,39.56929774569404,38.73464500118223,38.81219490848615,38.77258363123322,38.77258363123322,-3.622583631233212
34.0,35.0,35.1,35.2,35.150000000000006,39.44804014690984,39.690555344478234,39.56929774569404,38.77403174570572,38.856727798952555,38.8146357968332,38.8146357968332,-3.6646357968331955
35.0,35.0,35.1,35.2,35.150000000000006,39.44804014690984,39.690555344478234,39.56929774569404,38.81124393710329,38.89900287104278,38.85446836496459,38.85446836496459,-3.7044683649645833
36.0,35.0,35.1,35.2,35.150000000000006,39.44804014690984,39.690555344478234,39.56929774569404,38.84640163305817,38.939134596190556,38.89219849042435,38.89219849042435,-3.742198490424343
37.0,35.0,35.1,35.2,35.150000000000006,39.44804014690984,39.690555344478234,39.56929774569404,38.87961826283549,38.97723164212579,38.92793714434476,38.92793714434476,-3.7779371443447545
38.0,35.0,35.1,35.2,35.150000000000006,39.44804014690984,39.690555344478234,39.56929774569404,38.911000993239085,39.01339716712245,38.96178944057964,38.96178944057964,-3.8117894405796378
39.0,35.0,35.1,35.2,35.150000000000006,39.44804014690984,39.690555344478234,39.56929774569404,38.94065107436372,39.04772909932811,38.99385494486322,38.99385494486322,-3.8438549448632173
40.0,35.0,35.1,35.2,35.150000000000006,39.44804014690984,39.690555344478234,39.56929774569404,38.968664166258264,39.08032040193143,39.02422796765099,39.02422796765099,-3.874227967650981
41.0,35.0,35.1,35.2,35.150000000000006,39.44804014690984,39.690555344478234,39.56929774569404,38.99513064755366,39.11125932488567,39.052997841503824,39.052997841503824,-3.9029978415038187
42.0,35.0,35.1,35.2,35.150000000000006,39.44804014690984,39.690555344478234,39.56929774569404,39.02013590705148,39.140629643869815,39.08024918383125,39.08024918383125,-3.9302491838312434
43.0,35.0,35.1,35.2,35.150000000000006,39.44804014690984,39.690555344478234,39.56929774569404,39.04376061921381,39.16851088713437,39.10606214576654,39.10606214576654,-3.9560621457665377
44.0,35.0,35.1,35.2,35.150000000000006,39.44804014690984,39.690555344478234,39.56929774569404,39.06608100444324,39.19497855084605,39.130512647905746,39.130512647905746,-3.9805126479057407
45.0,35.0,35.1,35.2,35.150000000000006,39.44804014690984,39.690555344478234,39.56929774569404,39.0871690749927,39.22010430351453,39.15367260360389,39.15367260360389,-4.003672603603881
46.0,35.0,35.1,35.2,35.150000000000006,39.44804014690984,39.690555344478234,39.56929774569404,39.10709286729861,39.24395618005469,39.17561013048518,39.17561013048518,-4.025610130485177
47.0,35.0,35.1,35.2,35.150000000000006,39.44804014690984,39.690555344478234,39.56929774569404,39.1259166614868,39.26659876600996,39.196389750789294,39.196389750789294,-4.046389750789288
48.0,35.0,35.1,35.2,35.150000000000006,39.44804014690984,39.690555344478234,39.56929774569404,39.14370118875946,39.28809337243553,39.216072581142946,39.216072581142946,-4.06607258114294
49.0,35.0,35.1,35.3,35.2,39.44804014690984,39.690555344478234,39.56929774569404,39.16050382733221,39.30849820191494,39.23471651231496,39.23471651231496,-4.034716512314958
50.0,35.0,35.1,35.3,35.2,39.44804014690984,39.690555344478234,39.56929774569404,39.17637878755342,39.327868506159646,39.25237637948353,39.25237637948353,-4.052376379483526
51.0,35.0,35.1,35.3,35.2,39.44804014690984,39.690555344478234,39.56929774569404,39.19137728680303,39.346256735618326,39.26910412351638,39.26910412351638,-4.069104123516375
52.0,35.0,35.1,35.3,35.2,39.44804014690984,39.690555344478234,39.56929774569404,39.205547714735204,39.36371268150093,39.284948943738264,39.284948943738264,-4.084948943738262
53.0,35.0,35.1,35.3,35.2,39.44804014690984,39.690555344478234,39.56929774569404,39.21893578939781,39.38028361060212,39.299957442635126,39.299957442635126,-4.099957442635123
54.0,35.0,35.1,35.3,35.2,39.44804014690984,39.690555344478234,39.56929774569404,39.23158470473258,39.39601439328921,39.31417376292041,39.31417376292041,-4.114173762920409
55.0,35.0,35.1,35.3,35.2,39.44804014690984,39.690555344478234,39.56929774569404,39.243535269931705,39.410947625001036,39.3276397173668,39.3276397173668,-4.127639717366797
56.0,35.0,35.1,35.3,35.2,39.44804014690984,39.690555344478234,39.56929774569404,39.25482604110051,39.42512374158691,39.34039491178514,39.34039491178514,-4.140394911785137
57.0,35.0,35.1,35.3,35.2,39.44804014690984,39.690555344478234,39.56929774569404,39.26549344565102,39.43858112879781,39.35247686151231,39.35247686151231,-4.152476861512305
58.0,35.0,35.1,35.3,35.2,39.44804014690984,39.690555344478234,39.56929774569404,39.2755718998277,39.45135622622644,39.36392110175062,39.36392110175062,-4.163921101750617
59.0,35.0,35.1,35.3,35.2,39.44804014690984,39.690555344478234,39.56929774569404,39.285093919744604,39.463483625977474,39.374761292083285,39.374761292083285,-4.174761292083282
60.0,35.0,35.1,35.3,35.2,39.44804014690984,39.690555344478234,39.56929774569404,39.29409022629205,39.47499616633523,39.38502931547334,39.38502931547334,-4.1850293154733365
61.0,35.0,35.1,35.3,35.2,39.44804014690984,39.690555344478234,39.56929774569404,39.302589844251465,39.485925020682394,39.394755372037224,39.394755372037224,-4.194755372037221
62.0,35.0,35.2,35.3,35.25,39.44804014690984,39.690555344478234,39.56929774569404,39.310620195938014,39.49629978191058,39.403968067868774,39.403968067868774,-4.1539680678687745
63.0,35.0,35.2,35.3,35.25,39.44804014690984,39.690555344478234,39.56929774569404,39.31820718967322,39.506148542551244,39.41269449917495,39.41269449917495,-4.162694499174947
64.0,35.0,35.1,35.3,35.2,39.44804014690984,39.690555344478234,39.56929774569404,39.325375303372944,39.51549797084397,39.420960331970655,39.420960331970655,-4.220960331970652
65.0,35.0,35.1,35.3,35.2,39.44804014690984,39.690555344478234,39.56929774569404,39.33214766352052,39.5243733829481,39.42878987756718,39.42878987756718,-4.228789877567181
66.0,35.0,35.1,35.3,35.2,39.44804014690984,39.690555344478234,39.56929774569404,39.3385461197797,39.53279881149322,39.43620616407614,39.43620616407614,-4.236206164076137
67.0,35.0,35.1,35.3,35.2,39.44804014690984,39.690555344478234,39.56929774569404,39.34459131548821,39.540797070654165,39.443231004139314,39.443231004139314,-4.243231004139311
68.0,35.0,35.1,35.3,35.2,39.44804014690984,39.690555344478234,39.56929774569404,39.35030275425936,39.54838981792666,39.4498850590836,39.4498850590836,-4.249885059083596
69.0,35.0,35.1,35.3,35.2,39.44804014690984,39.690555344478234,39.56929774569404,39.35569886290654,39.55559761277101,39.4561878996897,39.4561878996897,-4.256187899689699
70.0,35.0,35.1,35.3,35.2,39.44804014690984,39.690555344478234,39.56929774569404,39.36079705089365,39.56243997228248,39.46215806375336,39.46215806375336,-4.262158063753354
71.0,35.0,35.1,35.3,35.2,39.44804014690984,39.690555344478234,39.56929774569404,39.36561376650324,39.56893542403927,39.46781311060833,39.46781311060833,-4.26781311060833
72.0,35.0,35.1,35.3,35.2,39.44804014690984,39.690555344478234,39.56929774569404,39.37016454990359,39.575101556270994,39.47316967277162,39.47316967277162,-4.2731696727716155
73.0,35.0,35.1,35.3,35.2,39.44804014690984,39.690555344478234,39.56929774569404,39.37446408328599,39.58095506548371,39.47824350486266,39.47824350486266,-4.278243504862658
74.0,35.0,35.1,35.3,35.2,39.44804014690984,39.690555344478234,39.56929774569404,39.37852623823385,39.586511801670305,39.483049529940565,39.483049529940565,-4.283049529940563
75.0,35.0,35.1,35.3,35.2,39.44804014690984,39.690555344478234,39.56929774569404,39.3823641204766,39.59178681122873,39.487601883395506,39.487601883395506,-4.287601883395503
76.0,35.0,35.1,35.3,35.2,39.44804014690984,39.690555344478234,39.56929774569404,39.3859901121727,39.596794377704285,39.491913954523476,39.491913954523476,-4.291913954523473
77.0,35.0,35.7,35.4,35.55,39.44804014690984,39.690555344478234,39.56929774569404,39.389415911858194,39.60154806046625,39.49599842590661,39.49599842590661,-3.945998425906616
78.0,45.0,37.1,35.8,36.45,48.52215995440731,48.91931041033436,48.72073518237084,39.89363725196202,40.07395878517064,39.98289849540217,39.98289849540217,-3.532898495402165
79.0,45.0,39.0,36.5,37.75,48.52215995440731,48.91931041033436,48.72073518237084,40.370020391560985,40.52241827733271,40.44409900468982,40.44409900468982,-2.694099004689818
80.0,45.0,40.9,37.6,39.25,48.52215995440731,48.91931041033436,48.72073518237084,40.82010228545194,40.948140864888515,40.880956427995514,40.880956427995514,-1.630956427995514
81.0,45.0,41.9,38.6,40.25,48.52215995440731,48.91931041033436,48.72073518237084,41.245335032729685,41.35227930932511,41.294755642120535,41.294755642120535,-1.0447556421205348
82.0,45.0,42.2,39.5,40.85,48.52215995440731,48.91931041033436,48.72073518237084,41.647090561693915,41.73592792710071,41.68671370549689,41.68671370549689,-0.8367137054968907
83.0,45.0,42.2,40.2,41.2,48.52215995440731,48.91931041033436,48.72073518237084,42.026665056101095,42.10012555280869,42.057983437776585,42.057983437776585,-0.857983437776582
84.0,45.0,42.4,40.7,41.55,48.52215995440731,48.91931041033436,48.72073518237084,42.38528313704179,42.44585835210921,42.40965681048299,42.40965681048299,-0.8596568104829956
85.0,45.0,42.6,41.2,41.900000000000006,48.52215995440731,48.91931041033436,48.72073518237084,42.72410181393536,42.774062492045076,42.74276815869689,42.74276815869689,-0.8427681586968845
86.0,45.0,42.9,41.6,42.25,48.52215995440731,48.91931041033436,48.72073518237084,43.044214217389154,43.08562667597259,43.058297223223235,43.058297223223235,-0.808297223223235
87.0,45.0,43.2,42.0,42.6,48.52215995440731,48.91931041033436,48.72073518237084,43.34665312596547,43.38139454997133,43.35717203218634,43.35717203218634,-0.7571720321863395
88.0,45.0,43.3,42.3,42.8,48.52215995440731,48.91931041033436,48.72073518237084,43.63239429823477,43.662166987248945,43.64027163052866,43.64027163052866,-0.8402716305286617
89.0,45.0,43.2,42.5,42.85,48.52215995440731,48.91931041033436,48.72073518237084,43.90235962086532,43.928704256726505,43.908428665441136,43.908428665441136,-1.0584286654411343
90.0,45.0,43.2,42.8,43.0,48.52215995440731,48.91931041033436,48.72073518237084,44.15742008290587,44.181728081676646,44.16243183532943,44.16243183532943,-1.1624318353294285
91.0,45.0,43.3,43.0,43.15,48.52215995440731,48.91931041033436,48.72073518237084,44.398398585857414,44.42192359398863,44.40302820951875,44.40302820951875,-1.253028209518753
92.0,45.0,43.5,43.2,43.35,48.52215995440731,48.91931041033436,48.72073518237084,44.62607259860006,44.64994118935217,44.630925425520054,44.630925425520054,-1.2809254255200528
93.0,45.0,43.7,43.3,43.5,48.52215995440731,48.91931041033436,48.72073518237084,44.8411766657407,44.866398288383394,44.84679377032012,44.84679377032012,-1.3467937703201187
94.0,45.0,43.8,43.5,43.65,48.52215995440731,48.91931041033436,48.72073518237084,45.04440477747405,45.071881008461695,45.051268151816956,45.051268151816956,-1.4012681518169572
95.0,45.0,43.7,43.6,43.650000000000006,48.52215995440731,48.91931041033436,48.72073518237084,45.23641260860307,45.2669457508044,45.24494996619896,45.24494996619896,-1.5949499661989535
96.0,45.0,43.7,43.7,43.7,48.52215995440731,48.91931041033436,48.72073518237084,45.417819633942365,45.45212070707678,45.42840886675997,45.42840886675997,-1.7284088667599704
97.0,45.0,43.7,43.8,43.75,48.52215995440731,48.91931041033436,48.72073518237084,45.58921112692965,45.627907289616815,45.60218443935283,45.60218443935283,-1.8521844393528326
98.0,45.0,44.0,43.9,43.95,48.52215995440731,48.91931041033436,48.72073518237084,45.75114004789325,45.79478148914762,45.766787789409065,45.766787789409065,-1.8167877894090623
99.0,45.0,44.1,44.0,44.05,48.52215995440731,48.91931041033436,48.72073518237084,45.904128828067904,45.95319516365377,45.922703045192534,45.922703045192534,-1.8727030451925373
100.0,45.0,44.1,44.0,44.05,48.52215995440731,48.91931041033436,48.72073518237084,46.04867105511448,46.10357726191161,46.070388781708346,46.070388781708346,-2.0203887817083483
101.0,45.0,44.0,44.1,44.05,48.52215995440731,48.91931041033436,48.72073518237084,46.18523306558174,46.24633498498655,46.21027936945499,46.21027936945499,-2.16027936945499
102.0,45.0,43.9,44.1,44.0,48.52215995440731,48.91931041033436,48.72073518237084,46.314255449447806,46.381854888842376,46.34278625198664,46.34278625198664,-2.342786251986638
103.0,45.0,44.0,44.2,44.1,48.52215995440731,48.91931041033436,48.72073518237084,46.43615447159551,46.510503931048326,46.46829915604318,46.46829915604318,-2.3682991560431788
104.0,45.0,44.2,44.2,44.2,48.52215995440731,48.91931041033436,48.72073518237084,46.55132341480764,46.63263046441803,46.58718723780711,46.58718723780711,-2.3871872378071046
105.0,45.0,44.3,44.3,44.3,48.52215995440731,48.91931041033436,48.72073518237084,46.66013384861513,46.74856518027099,46.69980016865873,46.69980016865873,-2.399800168658736
106.0,45.0,44.3,44.3,44.3,48.52215995440731,48.91931041033436,48.72073518237084,46.76293682809169,46.85862200387063,46.80646916362305,46.80646916362305,-2.506469163623052
107.0,45.0,44.2,44.3,44.25,48.52215995440731,48.91931041033436,48.72073518237084,46.860064026462716,46.963098944463695,46.907507955533084,46.907507955533084,-2.6575079555330845
108.0,45.0,44.1,44.3,44.2,48.52215995440731,48.91931041033436,48.72073518237084,46.951828805182544,47.06227890222255,47.00321371777501,47.00321371777501,-2.8032137177750087
109.0,45.0,44.2,44.4,44.3,48.52215995440731,48.91931041033436,48.72073518237084,47.038527224932395,47.15643043427556,47.09386793832887,47.09386793832887,-2.793867938328873
110.0,45.0,44.4,44.4,44.4,48.52215995440731,48.91931041033436,48.72073518237084,47.1204390008009,47.24580848189969,47.17973724767572,47.17973724767572,-2.779737247675719
111.0,45.0,44.4,44.4,44.4,48.52215995440731,48.91931041033436,48.72073518237084,47.19782840472881,47.330655060844386,47.26107420300615,47.26107420300615,-2.8610742030061544
112.0,45.0,44.3,44.5,44.4,48.52215995440731,48.91931041033436,48.72073518237084,47.270945118129475,47.41119991665611,47.33811803103676,47.33811803103676,-2.9381180310367583
113.0,45.0,44.2,44.5,44.35,48.52215995440731,48.91931041033436,48.72073518237084,47.34002503743593,47.48766114677784,47.41109533161919,47.41109533161919,-3.0610953316191853
114.0,45.0,44.2,44.5,44.35,48.52215995440731,48.91931041033436,48.72073518237084,47.4052910351735,47.560245791108116,47.4802207442114,47.4802207442114,-3.1302207442113996
115.0,45.0,44.3,44.5,44.4,48.52215995440731,48.91931041033436,48.72073518237084,47.466953679013365,47.62915039261878,47.54569757917114,47.54569757917114,-3.1456975791711415
116.0,45.0,44.5,44.5,44.5,48.52215995440731,48.91931041033436,48.72073518237084,47.52521191112699,47.69456152954935,47.60771841572855,47.60771841572855,-3.1077184157285487
117.0,45.0,44.5,44.6,44.55,48.52215995440731,48.91931041033436,48.72073518237084,47.58025369003317,47.756656320619086,47.666465668396555,47.666465668396555,-3.1164656683965575
118.0,45.0,44.4,44.5,44.45,48.52215995440731,48.91931041033436,48.72073518237084,47.63225659700858,47.815602904624924,47.722112123484976,47.722112123484976,-3.2721121234849733
119.0,45.0,44.3,44.5,44.4,48.52215995440731,48.91931041033436,48.72073518237084,47.6813884090182,47.87156089572364,47.774821447296375,47.774821447296375,-3.3748214472963767
120.0,45.0,44.2,44.5,44.35,48.52215995440731,48.91931041033436,48.72073518237084,47.72780764001407,47.924681815631295,47.82474866749828,47.82474866749828,-3.4747486674982753
121.0,45.0,44.4,44.5,44.45,48.52215995440731,48.91931041033436,48.72073518237084,47.77166405234884,47.975109503910126,47.87204062908762,47.87204062908762,-3.4220406290876184
122.0,45.0,44.5,44.6,44.55,48.52215995440731,48.91931041033436,48.72073518237084,47.813099139953984,48.02298050745388,47.916836426288505,47.916836426288505,-3.3668364262885078
123.0,45.0,44.5,44.6,44.55,48.52215995440731,48.91931041033436,48.72073518237084,47.85224658484164,48.06842445022625,47.95926781165347,47.95926781165347,-3.4092678116534714
124.0,45.0,44.4,44.6,44.5,48.52215995440731,48.91931041033436,48.72073518237084,47.88923268840286,48.11156438425356,47.99945958357163,47.99945958357163,-3.4994595835716282
125.0,45.0,44.3,44.6,44.45,48.52215995440731,48.91931041033436,48.72073518237084,47.92417677889376,48.1525171228221,48.037529953323336,48.037529953323336,-3.587529953323333
126.0,45.0,44.3,44.6,44.45,48.52215995440731,48.91931041033436,48.72073518237084,47.9571915964242,48.191393556782366,48.07359089276097,48.07359089276097,-3.6235908927609657
127.0,45.0,44.3,44.6,44.45,48.52215995440731,48.91931041033436,48.72073518237084,47.98838365669123,48.22829895481668,48.107748463638416,48.107748463638416,-3.6577484636384128
128.0,45.0,44.4,44.6,44.5,48.52215995440731,48.91931041033436,48.72073518237084,48.017853594630594,48.2633332484832,48.14010312955791,48.14010312955791,-3.6401031295579074
129.0,45.0,44.4,44.6,44.5,48.52215995440731,48.91931041033436,48.72073518237084,48.04569648909526,48.29659130280823,48.17075005145168,48.17075005145168,-3.6707500514516767
130.0,45.0,44.5,44.7,44.6,48.52215995440731,48.91931041033436,48.72073518237084,48.07200216960825,48.32816317315947,48.199779367467485,48.199779367467485,-3.599779367467484
131.0,45.0,44.5,44.7,44.6,48.52215995440731,48.91931041033436,48.72073518237084,48.09685550617961,48.35813434909579,48.22727645808124,48.22727645808124,-3.6272764580812407
132.0,45.0,44.5,44.7,44.6,48.52215995440731,48.91931041033436,48.72073518237084,48.12033668312253,48.38658598585386,48.25332219721645,48.25332219721645,-3.653322197216447
133.0,45.0,44.5,44.7,44.6,48.52215995440731,48.91931041033436,48.72073518237084,48.14252145775195,48.413595124098315,48.277993190109044,48.277993190109044,-3.677993190109042
134.0,45.0,44.5,44.7,44.6,48.52215995440731,48.91931041033436,48.72073518237084,48.163481404800365,48.439234898530664,48.301361998617296,48.301361998617296,-3.701361998617294
135.0,45.0,44.5,44.7,44.6,48.52215995440731,48.91931041033436,48.72073518237084,48.18328414733938,48.46357473592169,48.32349735463936,48.32349735463936,-3.723497354639356
136.0,45.0,44.5,44.7,44.6,48.52215995440731,48.91931041033436,48.72073518237084,48.201993574951985,48.4866805431036,48.34446436226624,48.34446436226624,-3.7444643622662355
137.0,45.0,44.5,44.7,44.6,48.52215995440731,48.91931041033436,48.72073518237084,48.21967004985953,48.50861488543099,48.3643246892647,48.3643246892647,-3.764324689264697
138.0,45.0,44.5,44.7,44.6,48.52215995440731,48.91931041033436,48.72073518237084,48.23637060166831,48.529437156193794,48.383136748453346,48.383136748453346,-3.7831367484533445
139.0,45.0,44.5,44.7,44.6,48.52215995440731,48.91931041033436,48.72073518237084,48.252149111364204,48.54920373744106,48.40095586950532,48.40095586950532,-3.800955869505316
140.0,45.0,44.6,44.7,44.650000000000006,48.52215995440731,48.91931041033436,48.72073518237084,48.26705648514885,48.56796815265089,48.41783446168285,48.41783446168285,-3.7678344616828454
141.0,45.0,44.6,44.7,44.650000000000006,48.52215995440731,48.91931041033436,48.72073518237084,48.28114081867833,48.58578121166005,48.43382216798243,48.43382216798243,-3.7838221679824215
142.0,45.0,44.6,44.7,44.650000000000006,48.52215995440731,48.91931041033436,48.72073518237084,48.294447552234175,48.60269114824563,48.4489660111438,48.4489660111438,-3.798966011143797
143.0,45.0,44.6,44.7,44.650000000000006,48.52215995440731,48.91931041033436,48.72073518237084,48.30701961732733,48.61874375073134,48.46331053195243,48.46331053195243,-3.8133105319524248
144.0,45.0,44.6,44.7,44.650000000000006,48.52215995440731,48.91931041033436,48.72073518237084,48.318897575208055,48.633982485972,48.47689792024194,48.47689792024194,-3.826897920241933
145.0,45.0,45.0,44.7,44.85,48.52215995440731,48.91931041033436,48.72073518237084,48.330119747728716,48.6484486170521,48.48976813898211,48.48976813898211,-3.639768138982106
146.0,55.0,46.2,45.1,45.650000000000006,57.59627976190477,58.14806547619048,57.87217261904763,48.841707020753866,49.13007936876397,48.98499022650434,48.98499022650434,-3.334990226504331
147.0,55.0,48.0,45.8,46.9,57.59627976190477,58.14806547619048,57.87217261904763,49.32504941806773,49.587291432392504,49.454073501050544,49.454073501050544,-2.5540735010505458
148.0,55.0,49.8,46.7,48.25,57.59627976190477,58.14806547619048,57.87217261904763,49.78170634711847,50.02132283587838,49.898397621486936,49.898397621486936,-1.6483976214869358
149.0,55.0,50.9,47.8,49.349999999999994,57.59627976190477,58.14806547619048,57.87217261904763,50.2131511200351,50.43334883912263,50.31926942552336,50.31926942552336,-0.9692694255233647
150.0,55.0,51.4,48.7,50.05,57.59627976190477,58.14806547619048,57.87217261904763,50.620775706973966,50.8244851163274,50.717926773359665,50.717926773359665,-0.6679267733596674
151.0,55.0,51.5,49.4,50.45,57.59627976190477,58.14806547619048,57.87217261904763,51.00589522703173,51.19579077699203,51.09554218845677,51.09554218845677,-0.6455421884567656
152.0,55.0,51.7,49.9,50.8,57.59627976190477,58.14806547619048,57.87217261904763,51.369752191213735,51.54827123374448,51.45322630614047,51.45322630614047,-0.6532263061404748
153.0,55.0,51.9,50.3,51.099999999999994,57.59627976190477,58.14806547619048,57.87217261904763,51.71352051114696,51.88288092477377,51.79203114018114,51.79203114018114,-0.6920311401811432
154.0,55.0,52.1,50.8,51.45,57.59627976190477,58.14806547619048,57.87217261904763,52.03830928647076,52.20052589823496,52.1129531769567,52.1129531769567,-0.6629531769566981
155.0,55.0,52.3,51.1,51.7,57.59627976190477,58.14806547619048,57.87217261904763,52.34516638312478,52.50206626562475,52.416936306299576,52.416936306299576,-0.7169363062995728
156.0,55.0,52.5,51.5,52.0,57.59627976190477,58.14806547619048,57.87217261904763,52.63508181407849,52.78831853077095,52.7048745976476,52.7048745976476,-0.7048745976476027
157.0,55.0,52.6,51.8,52.2,57.59627976190477,58.14806547619048,57.87217261904763,52.90899093340985,53.06005780074209,52.97761492966421,52.97761492966421,-0.7776149296642103
158.0,55.0,52.7,52.1,52.400000000000006,57.59627976190477,58.14806547619048,57.87217261904763,53.167777454037854,53.31801988466389,53.235959481061926,53.235959481061926,-0.83595948106192
159.0,55.0,52.8,52.3,52.55,57.59627976190477,58.14806547619048,57.87217261904763,53.41227629884532,53.56290328612568,53.480668089955245,53.480668089955245,-0.9306680899552475
160.0,55.0,52.9,52.5,52.7,57.59627976190477,58.14806547619048,57.87217261904763,53.64327629439037,53.795371094571806,53.712460488682154,53.712460488682154,-1.0124604886821515
161.0,55.0,53.0,52.7,52.85,57.59627976190477,58.14806547619048,57.87217261904763,53.86152271589731,54.016052780799434,53.932018420667276,53.932018420667276,-1.082018420667275
162.0,55.0,53.1,52.8,52.95,57.59627976190477,58.14806547619048,57.87217261904763,54.067719691737935,54.22554590142459,54.13998764555277,54.13998764555277,-1.189987645552769
163.0,55.0,53.2,53.0,53.1,57.59627976190477,58.14806547619048,57.87217261904763,54.26253247516067,54.42441771693172,54.33697983849437,54.33697983849437,-1.2369798384943707
164.0,55.0,53.2,53.1,53.150000000000006,57.59627976190477,58.14806547619048,57.87217261904763,54.446589590596965,54.61320672768817,54.523574389208825,54.523574389208825,-1.3735743892088195
165.0,55.0,53.3,53.2,53.25,57.59627976190477,58.14806547619048,57.87217261904763,54.62048486146951,54.792424132082616,54.70032010606396,54.70032010606396,-1.4503201060639626
166.0,55.0,53.3,53.3,53.3,57.59627976190477,58.14806547619048,57.87217261904763,54.78477932604456,54.9625552107359,54.86773683022351,54.86773683022351,-1.5677368302235095
167.0,55.0,53.4,53.4,53.4,57.59627976190477,58.14806547619048,57.87217261904763,54.94000304750958,55.124060640532356,55.026316964594095,55.026316964594095,-1.6263169645940962
168.0,55.0,53.4,53.4,53.4,57.59627976190477,58.14806547619048,57.87217261904763,55.08665682411593,55.2773777420297,55.17652692207139,55.17652692207139,-1.7765269220713904
169.0,55.0,53.5,53.5,53.5,57.59627976190477,58.14806547619048,57.87217261904763,55.22521380490414,55.42292166362522,55.31880849734489,55.31880849734489,-1.8188084973448895
170.0,55.0,53.5,53.5,53.5,57.59627976190477,58.14806547619048,57.87217261904763,55.35612101622458,55.561086505684735,55.45358016629613,55.45358016629613,-1.9535801662961276
171.0,55.0,53.6,53.6,53.6,57.59627976190477,58.14806547619048,57.87217261904763,55.47980080397837,55.692246387678175,55.58123831681201,55.58123831681201,-1.9812383168120107
172.0,55.0,53.6,53.6,53.6,57.59627976190477,58.14806547619048,57.87217261904763,55.59665219623192,55.81675646121138,55.70215841463341,55.70215841463341,-2.102158414633408
173.0,55.0,53.6,53.7,53.650000000000006,57.59627976190477,58.14806547619048,57.87217261904763,55.707052190601054,55.93495387169714,55.81669610766787,55.81669610766787,-2.1666961076678675
174.0,55.0,53.7,53.7,53.7,57.59627976190477,58.14806547619048,57.87217261904763,55.81135697055829,56.04715867126956,55.925188272014566,55.925188272014566,-2.225188272014563
175.0,55.0,53.7,53.8,53.75,57.59627976190477,58.14806547619048,57.87217261904763,55.90990305458753,56.15367468541357,56.02795400277787,56.02795400277787,-2.277954002777868
176.0,55.0,53.7,53.8,53.75,57.59627976190477,58.14806547619048,57.87217261904763,56.00300838189352,56.25479033565636,56.125295552583886,56.125295552583886,-2.3752955525838857
177.0,55.0,53.8,53.8,53.8,57.59627976190477,58.14806547619048,57.87217261904763,56.09097333816904,56.350779420548314,56.21749922056014,56.21749922056014,-2.4174992205601455
178.0,55.0,53.8,53.9,53.849999999999994,57.59627976190477,58.14806547619048,57.87217261904763,56.17408172472918,56.441901857048215,56.30483619439318,56.30483619439318,-2.454836194393188
179.0,55.0,53.8,53.9,53.849999999999994,57.59627976190477,58.14806547619048,57.87217261904763,56.25260167413943,56.52840438432019,56.38756334794067,56.38756334794067,-2.537563347940676
180.0,55.0,53.8,53.9,53.849999999999994,57.59627976190477,58.14806547619048,57.87217261904763,56.32678651529174,56.61052123184815,56.46592399674392,56.46592399674392,-2.6159239967439234
181.0,55.0,53.8,53.9,53.849999999999994,57.59627976190477,58.14806547619048,57.87217261904763,56.396875590719425,56.68847475367683,56.54014861366297,56.54014861366297,-2.690148613662977
182.0,55.0,53.9,53.9,53.9,57.59627976190477,58.14806547619048,57.87217261904763,56.46309502878794,56.762476030496714,56.61045550673903,56.61045550673903,-2.710455506739031
183.0,55.0,53.9,54.0,53.95,57.59627976190477,58.14806547619048,57.87217261904763,56.525658473252754,56.83272544120337,56.67705146127793,56.67705146127793,-2.7270514612779237
184.0,55.0,53.9,54.0,53.95,57.59627976190477,58.14806547619048,57.87217261904763,56.584767772538136,56.89941320547864,56.74013234804317,56.74013234804317,-2.7901323480431657
185.0,55.0,53.9,54.0,53.95,57.59627976190477,58.14806547619048,57.87217261904763,56.64061363096068,56.96271989886293,56.79988369934732,56.79988369934732,-2.8498836993473162
186.0,55.0,53.9,54.0,53.95,57.59627976190477,58.14806547619048,57.87217261904763,56.6933762239986,57.022816941713394,56.85648125473615,56.85648125473615,-2.90648125473615
187.0,55.0,53.9,54.0,53.95,57.59627976190477,58.14806547619048,57.87217261904763,56.7432257795918,57.079867063371886,56.91009147787046,56.91009147787046,-2.9600914778704563
188.0,55.0,53.9,54.1,54.0,57.59627976190477,58.14806547619048,57.87217261904763,56.79032312734827,57.13402474279959,56.960872046125836,56.960872046125836,-2.9608720461258358
189.0,55.0,53.9,54.1,54.0,57.59627976190477,58.14806547619048,57.87217261904763,56.83482021742857,57.18543662687149,57.0089723143504,57.0089723143504,-3.0089723143504017
190.0,55.0,54.0,54.1,54.05,57.59627976190477,58.14806547619048,57.87217261904763,56.87686061078262,57.23424192746328,57.05453375414446,57.05453375414446,-3.004533754144461
191.0,55.0,54.0,54.1,54.05,57.59627976190477,58.14806547619048,57.87217261904763,56.91657994232035,57.28057279840594,57.09769036995408,57.09769036995408,-3.0476903699540827
192.0,55.0,54.0,54.1,54.05,57.59627976190477,58.14806547619048,57.87217261904763,56.954106358510536,57.324554693328786,57.13856909320246,57.13856909320246,-3.088569093202466
193.0,55.0,54.0,54.1,54.05,57.59627976190477,58.14806547619048,57.87217261904763,56.98956093081979,57.366306705359776,57.177290155618245,57.177290155618245,-3.1272901556182475
194.0,55.0,54.0,54.1,54.05,57.59627976190477,58.14806547619048,57.87217261904763,57.02305804632534,57.405941889603056,57.21396744285877,57.21396744285877,-3.1639674428587696
195.0,55.0,54.0,54.1,54.05,57.59627976190477,58.14806547619048,57.87217261904763,57.05470577676205,57.443567569266904,57.24870882946843,57.24870882946843,-3.19870882946843
196.0,55.0,54.0,54.1,54.05,57.59627976190477,58.14806547619048,57.87217261904763,57.08460622719423,57.47928562627092,57.28161649615728,57.28161649615728,-3.2316164961572795
197.0,55.0,54.0,54.1,54.05,57.59627976190477,58.14806547619048,57.87217261904763,57.112855865437176,57.5131927771195,57.31278723033295,57.31278723033295,-3.262787230332954
198.0,55.0,54.0,54.1,54.05,57.59627976190477,58.14806547619048,57.87217261904763,57.13954583329125,57.54538083478845,57.34231271077001,57.34231271077001,-3.2923127107700125
199.0,55.0,54.0,54.1,54.05,57.59627976190477,58.14806547619048,57.87217261904763,57.16476224059266,57.57593695733401,57.37027977725378,57.37027977725378,-3.3202797772537807
200.0,55.0,54.0,54.1,54.05,57.59627976190477,58.14806547619048,57.87217261904763,57.18858644302958,57.60494388389732,57.3967706859919,57.3967706859919,-3.346770685991906
201.0,55.0,54.0,54.2,54.1,57.59627976190477,58.14806547619048,57.87217261904763,57.21109530462002,57.63248015874355,57.421863351544765,57.421863351544765,-3.3218633515447635
202.0,55.0,54.0,54.2,54.1,57.59627976190477,58.14806547619048,57.87217261904763,57.232361445698146,57.65862034394214,57.44563157598629,57.44563157598629,-3.345631575986289
203.0,55.0,54.0,54.2,54.1,57.59627976190477,58.14806547619048,57.87217261904763,57.25245347720928,57.68343522126424,57.468145265969234,57.468145265969234,-3.3681452659692326
204.0,55.0,54.0,54.2,54.1,57.59627976190477,58.14806547619048,57.87217261904763,57.271436222069354,57.70699198384387,57.48947063833329,57.48947063833329,-3.389470638333286
205.0,55.0,54.0,54.2,54.1,57.59627976190477,58.14806547619048,57.87217261904763,57.28937092430307,57.729354418121915,57.50967041486082,57.50967041486082,-3.4096704148608197
206.0,55.0,54.0,54.2,54.1,57.59627976190477,58.14806547619048,57.87217261904763,57.30631544663549,57.750583076565505,57.528804006752985,57.528804006752985,-3.4288040067529835
207.0,55.0,54.0,54.2,54.1,57.59627976190477,58.14806547619048,57.87217261904763,57.32232445717451,57.77073544163057,57.54692768936883,57.54692768936883,-3.4469276893688274
208.0,55.0,54.0,54.2,54.1,57.59627976190477,58.14806547619048,57.87217261904763,57.33744960578659,57.78986608141145,57.5640947677413,57.5640947677413,-3.464094767741301
209.0,55.0,54.0,54.2,54.1,57.59627976190477,58.14806547619048,57.87217261904763,57.351739690734675,57.80802679739909,57.58035573335704,57.58035573335704,-3.4803557333570367
210.0,65.0,54.7,54.3,54.5,66.67039956940224,67.3768205420466,67.02361005572442,57.86622549588837,58.293164818494866,58.0787895973481,58.0787895973481,-3.5787895973480985
211.0,65.0,56.1,54.8,55.45,66.67039956940224,67.3768205420466,67.02361005572442,58.352306396565346,58.75370633288421,58.55091512437268,58.55091512437268,-3.1009151243726762
212.0,65.0,57.9,55.5,56.7,66.67039956940224,67.3768205420466,67.02361005572442,58.811550635446444,59.1908983839153,58.99812092111251,58.99812092111251,-2.298120921112506
213.0,65.0,59.5,56.6,58.05,66.67039956940224,67.3768205420466,67.02361005572442,59.24543987209768,59.60592478981534,59.42172230080934,59.42172230080934,-1.3717223008093455
214.0,65.0,60.4,57.6,59.0,66.67039956940224,67.3768205420466,67.02361005572442,59.6553739632481,59.999909349205375,59.822965151839405,59.822965151839405,-0.822965151839405
215.0,65.0,60.7,58.4,59.55,66.67039956940224,67.3768205420466,67.02361005572442,60.0426754791472,60.37391888409541,60.20302960209676,60.20302960209676,-0.6530296020967654
216.0,65.0,60.9,59.1,60.0,66.67039956940224,67.3768205420466,67.02361005572442,60.40859397057292,60.72896612859968,60.563033489963175,60.563033489963175,-0.5630334899631748
217.0,65.0,61.1,59.6,60.35,66.67039956940224,67.3768205420466,67.02361005572442,60.75431000025704,61.06601247119396,60.90403565207324,60.90403565207324,-0.5540356520732388
218.0,65.0,61.3,60.0,60.65,66.67039956940224,67.3768205420466,67.02361005572442,61.080938951734375,61.3859705579404,61.2270390375447,61.2270390375447,-0.5770390375447008
219.0,65.0,61.5,60.4,60.95,66.67039956940224,67.3768205420466,67.02361005572442,61.38953462790438,61.68970676372879,61.532993657833444,61.532993657833444,-0.5829936578334411
220.0,65.0,61.7,60.8,61.25,66.67039956940224,67.3768205420466,67.02361005572442,61.68109265091519,61.97804353822589,61.82279938088924,61.82279938088924,-0.5727993808892435
221.0,65.0,61.9,61.2,61.55,66.67039956940224,67.3768205420466,67.02361005572442,61.95655367433906,62.25176163288501,62.09730857783039,62.09730857783039,-0.5473085778303926
222.0,65.0,62.0,61.6,61.8,66.67039956940224,67.3768205420466,67.02361005572442,62.21680641800276,62.51160221504624,62.357328629921504,62.357328629921504,-0.557328629921507
223.0,65.0,62.1,61.8,61.95,66.67039956940224,67.3768205420466,67.02361005572442,62.462690535264095,62.75826887485173,62.603624303228074,62.603624303228074,-0.6536243032280709
224.0,65.0,62.2,61.9,62.05,66.67039956940224,67.3768205420466,67.02361005572442,62.69499932198532,62.99242953041031,62.836919997931965,62.836919997931965,-0.7869199979319674
225.0,65.0,62.3,62.0,62.15,66.67039956940224,67.3768205420466,67.02361005572442,62.91448227594339,63.21471823637026,63.05790187892353,63.05790187892353,-0.907901878923532
226.0,65.0,62.4,62.1,62.25,66.67039956940224,67.3768205420466,67.02361005572442,63.12184751493441,63.42573690079737,63.26721989393684,63.26721989393684,-1.01721989393684
227.0,65.0,62.5,62.3,62.4,66.67039956940224,67.3768205420466,67.02361005572442,63.31776406137389,63.62605691500728,63.46548968516369,63.46548968516369,-1.0654896851636906
228.0,65.0,62.6,62.6,62.6,66.67039956940224,67.3768205420466,67.02361005572442,63.50286400076362,63.81622070076531,63.65329439996875,63.65329439996875,-1.053294399968749
229.0,65.0,62.6,62.7,62.650000000000006,66.67039956940224,67.3768205420466,67.02361005572442,63.677744520988924,63.996743179043136,63.83118640603163,63.83118640603163,-1.181186406031621
230.0,65.0,62.6,62.8,62.7,66.67039956940224,67.3768205420466,67.02361005572442,63.842969839025784,64.1681131643096,63.999688915960206,63.999688915960206,-1.2996889159602034
231.0,65.0,62.7,62.8,62.75,66.67039956940224,67.3768205420466,67.02361005572442,63.999073021273944,64.33079468813088,64.15929752615372,64.15929752615372,-1.409297526153722
232.0,65.0,62.7,62.8,62.75,66.67039956940224,67.3768205420466,67.02361005572442,64.14655770338885,64.48522825566407,64.31048167444149,64.31048167444149,-1.5604816744414904
233.0,65.0,62.8,62.8,62.8,66.67039956940224,67.3768205420466,67.02361005572442,64.28589971516128,64.63183203844663,64.45368602078463,64.45368602078463,-1.6536860207846331
234.0,65.0,62.9,62.9,62.9,66.67039956940224,67.3768205420466,67.02361005572442,64.41754861568681,64.77100300671127,64.58933175510151,64.58933175510151,-1.689331755101513
235.0,65.0,62.9,62.9,62.9,66.67039956940224,67.3768205420466,67.02361005572442,64.54192914377829,64.90311800429248,64.71781783606357,64.71781783606357,-1.8178178360635755
236.0,65.0,63.0,63.0,63.0,66.67039956940224,67.3768205420466,67.02361005572442,64.65944258830048,65.02853476903536,64.83952216450508,64.83952216450508,-1.8395221645050839
237.0,65.0,63.0,63.1,63.05,66.67039956940224,67.3768205420466,67.02361005572442,64.77046808284825,65.14759290146958,64.95480269489788,64.95480269489788,-1.9048026948978816
238.0,65.0,63.0,63.1,63.05,66.67039956940224,67.3768205420466,67.02361005572442,64.87536382894521,65.26061478437164,65.06399848816032,65.06399848816032,-2.0139984881603255
239.0,65.0,63.1,63.2,63.150000000000006,66.67039956940224,67.3768205420466,67.02361005572442,64.97446825170914,65.36790645570525,65.16743070889689,65.16743070889689,-2.0174307088968817
240.0,65.0,63.1,63.2,63.150000000000006,66.67039956940224,67.3768205420466,67.02361005572442,65.0681010917129,65.4697584373037,65.26540357000138,65.26540357000138,-2.1154035700013765
241.0,65.0,63.1,63.3,63.2,66.67039956940224,67.3768205420466,67.02361005572442,65.15656443656334,65.56644652153786,65.3582052274022,65.3582052274022,-2.158205227402192
242.0,65.0,63.1,63.3,63.2,66.67039956940224,67.3768205420466,67.02361005572442,65.24014369552648,65.65823251810029,65.44610862758108,65.44610862758108,-2.24610862758108
243.0,65.0,63.1,63.3,63.2,66.67039956940224,67.3768205420466,67.02361005572442,65.31910852034333,65.74536496292727,65.52937231035817,65.52937231035817,-2.329372310358167
244.0,65.0,63.2,63.4,63.3,66.67039956940224,67.3768205420466,67.02361005572442,65.39371367520724,65.82807979117847,65.6082411693044,65.6082411693044,-2.3082411693044094
245.0,65.0,63.2,63.4,63.3,66.67039956940224,67.3768205420466,67.02361005572442,65.46419985870953,65.90660097609656,65.6829471720179,65.6829471720179,-2.382947172017907
246.0,65.0,63.2,63.4,63.3,66.67039956940224,67.3768205420466,67.02361005572442,65.53079448040536,65.98114113547665,65.75371004238268,65.75371004238268,-2.4537100423826814
247.0,65.0,63.2,63.4,63.3,66.67039956940224,67.3768205420466,67.02361005572442,65.593712394505,66.05190210738768,65.82073790681633,65.82073790681633,-2.5207379068163362
248.0,65.0,63.3,63.5,63.4,66.67039956940224,67.3768205420466,67.02361005572442,65.65315659305803,66.11907549670472,65.88422790640762,65.88422790640762,-2.484227906407618
249.0,65.0,63.3,63.5,63.4,66.67039956940224,67.3768205420466,67.02361005572442,65.70931886086646,66.18284319393213,65.944366776744,65.944366776744,-2.544366776744006
250.0,65.0,63.3,63.5,63.4,66.67039956940224,67.3768205420466,67.02361005572442,65.76238039424001,66.24337786772227,66.00133139713493,66.00133139713493,-2.6013313971349348
251.0,65.0,63.3,63.5,63.4,66.67039956940224,67.3768205420466,67.02361005572442,65.81251238558973,66.30084343242365,66.05528931084584,66.05528931084584,-2.6552893108458377
252.0,65.0,63.3,63.5,63.4,66.67039956940224,67.3768205420466,67.02361005572442,65.859876575746,66.35539549192423,66.10639921787326,66.10639921787326,-2.706399217873262
253.0,65.0,63.3,63.6,63.45,66.67039956940224,67.3768205420466,67.02361005572442,65.90462577578295,66.40718176099196,66.15481144171031,66.15481144171031,-2.704811441710305
254.0,65.0,63.4,63.6,63.5,66.67039956940224,67.3768205420466,67.02361005572442,65.94690436003279,66.45634246525331,66.20066837147523,66.20066837147523,-2.7006683714752313
255.0,65.0,63.4,63.6,63.5,66.67039956940224,67.3768205420466,67.02361005572442,65.98684873188066,66.50301072089289,66.24410488070363,66.24410488070363,-2.744104880703631
256.0,65.0,63.4,63.6,63.5,66.67039956940224,67.3768205420466,67.02361005572442,66.02458776384285,66.54731289510222,66.28524872403594,66.28524872403594,-2.785248724035938
257.0,65.0,63.4,63.6,63.5,66.67039956940224,67.3768205420466,67.02361005572442,66.06024321334816,66.5893689482539,66.32422091296696,66.32422091296696,-2.8242209129669646
258.0,65.0,63.4,63.6,63.5,66.67039956940224,67.3768205420466,67.02361005572442,66.09393011556386,66.6292927587274,66.36113607176263,66.36113607176263,-2.8611360717626297
259.0,65.0,63.4,63.6,63.5,66.67039956940224,67.3768205420466,67.02361005572442,66.12575715453366,66.66719243126622,66.39610277459064,66.39610277459064,-2.896102774590645
260.0,65.0,63.4,63.6,63.5,66.67039956940224,67.3768205420466,67.02361005572442,66.1558270138249,66.70317058970134,66.42922386485687,66.42922386485687,-2.9292238648568656
261.0,65.0,63.4,63.7,63.55,66.67039956940224,67.3768205420466,67.02361005572442,66.18423670781667,66.73732465483363,66.46059675768633,66.46059675768633,-2.910596757686335
262.0,65.0,63.4,63.7,63.55,66.67039956940224,67.3768205420466,67.02361005572442,66.21107789469711,66.76974710822749,66.49031372643881,66.49031372643881,-2.9403137264388164
263.0,65.0,63.4,63.7,63.55,66.67039956940224,67.3768205420466,67.02361005572442,66.23643717218037,66.80052574263034,66.51846217410144,66.51846217410144,-2.9684621741014467
264.0,65.0,63.4,63.7,63.55,66.67039956940224,67.3768205420466,67.02361005572442,66.26039635689665,66.82974389969564,66.54512489035677,66.54512489035677,-2.9951248903567773
265.0,65.0,63.4,63.7,63.55,66.67039956940224,67.3768205420466,67.02361005572442,66.28303274835723,66.85748069565348,66.5703802950822,66.5703802950822,-3.020380295082205
266.0,65.0,63.9,63.8,63.849999999999994,66.67039956940224,67.3768205420466,67.02361005572442,66.30441937834588,66.88381123553958,66.59430266899705,66.59430266899705,-2.744302668997051
267.0,75.0,65.3,64.2,64.75,75.7445193768997,76.60557560790274,76.17504749240123,66.82560992631359,67.37670487031,67.09999355682274,67.09999355682274,-2.3499935568227386
268.0,75.0,67.0,64.9,65.95,75.7445193768997,76.60557560790274,76.17504749240123,67.31802539908797,67.8446087886162,67.57899306743887,67.57899306743887,-1.62899306743887
269.0,75.0,68.7,65.9,67.30000000000001,75.7445193768997,76.60557560790274,76.17504749240123,67.78325447657815,68.28878996954842,68.03271002515788,68.03271002515788,-0.7327100251578713
270.0,75.0,69.6,66.9,68.25,75.7445193768997,76.60557560790274,76.17504749240123,68.22279812723336,68.71045115633342,68.4624788937252,68.4624788937252,-0.2124788937252049
271.0,75.0,70.0,67.8,68.9,75.7445193768997,76.60557560790274,76.17504749240123,68.63807445061707,69.11073411309395,68.86956370121882,68.86956370121882,0.030436298781182813
272.0,75.0,70.3,68.5,69.4,75.7445193768997,76.60557560790274,76.17504749240123,69.03042325262118,69.49072271649048,69.2551617577848,69.2551617577848,0.1448382422152008
273.0,75.0,70.5,69.1,69.8,75.7445193768997,76.60557560790274,76.17504749240123,69.40111036808146,69.85144589061659,69.62040717714325,69.62040717714325,0.1795928228567476
274.0,75.0,70.7,69.6,70.15,75.7445193768997,76.60557560790274,76.17504749240123,69.75133174474016,70.19388039309516,69.96637421222216,69.96637421222216,0.18362578777784222
275.0,75.0,70.9,70.1,70.5,75.7445193768997,76.60557560790274,76.17504749240123,70.08221730173182,70.51895345991937,70.29408041472989,70.29408041472989,0.20591958527010945
276.0,75.0,71.1,70.4,70.75,75.7445193768997,76.60557560790274,76.17504749240123,70.39483457504116,70.82754531620033,70.60448962795894,70.60448962795894,0.1455103720410591
277.0,75.0,71.3,70.8,71.05,75.7445193768997,76.60557560790274,76.17504749240123,70.69019216169409,71.12049155961957,70.8985148216237,70.8985148216237,0.15148517837629072
278.0,75.0,71.4,71.1,71.25,75.7445193768997,76.60557560790274,76.17504749240123,70.96924297379402,71.3985854230406,71.17702077706973,71.17702077706973,0.0729792229302717
279.0,75.0,71.5,71.3,71.4,75.7445193768997,76.60557560790274,76.17504749240123,71.232887312902,71.66257992240601,71.44082663075224,71.44082663075224,-0.04082663075223536
280.0,75.0,71.6,71.5,71.55,75.7445193768997,76.60557560790274,76.17504749240123,71.48197577467928,71.91318989573605,71.69070828346487,71.69070828346487,-0.14070828346487474
281.0,75.0,71.7,71.7,71.7,75.7445193768997,76.60557560790274,76.17504749240123,71.71731199316403,72.15109393875005,71.92740068240435,71.92740068240435,-0.22740068240435107
282.0,75.0,71.8,71.9,71.85,75.7445193768997,76.60557560790274,76.17504749240123,71.93965523353546,72.37693624235169,72.15159998278338,72.15159998278338,-0.3015999827833866
283.0,75.0,71.9,72.0,71.95,75.7445193768997,76.60557560790274,76.17504749240123,72.14972284173098,72.59132833695386,72.36396559534917,72.36396559534917,-0.4139655953491683
284.0,75.0,71.9,72.2,72.05000000000001,75.7445193768997,76.60557560790274,76.17504749240123,72.34819255881915,72.79485074836613,72.56512212582984,72.56512212582984,-0.5151221258298335
285.0,75.0,72.0,72.3,72.15,75.7445193768997,76.60557560790274,76.17504749240123,72.53570470759554,72.98805456972869,72.75566121201305,72.75566121201305,-0.6056612120130467
286.0,75.0,72.1,72.4,72.25,75.7445193768997,76.60557560790274,76.17504749240123,72.71286425845598,73.17146295374927,72.93614326385983,72.93614326385983,-0.686143263859833
287.0,75.0,72.1,72.5,72.3,75.7445193768997,76.60557560790274,76.17504749240123,72.8802427812124,73.34557252928359,73.10709911177182,73.10709911177182,-0.8070991117718194
288.0,75.0,72.2,72.6,72.4,75.7445193768997,76.60557560790274,76.17504749240123,73.03838028914834,73.51085474609509,73.26903156785957,73.26903156785957,-0.8690315678595653
289.0,75.0,72.2,72.7,72.45,75.7445193768997,76.60557560790274,76.17504749240123,73.18778698126367,73.66775715143547,73.42241690480407,73.42241690480407,-0.9724169048040636
290.0,75.0,72.3,72.7,72.5,75.7445193768997,76.60557560790274,76.17504749240123,73.32894488832953,73.8167046019024,73.5677062566609,73.5677062566609,-1.0677062566608981
291.0,75.0,72.3,72.8,72.55,75.7445193768997,76.60557560790274,76.17504749240123,73.46230942806402,73.95810041385614,73.70532694572728,73.70532694572728,-1.155326945727282
292.0,75.0,72.4,72.9,72.65,75.7445193768997,76.60557560790274,76.17504749240123,73.58831087444628,74.09232745551,73.83568373937426,73.83568373937426,-1.1856837393742552
293.0,75.0,72.4,72.9,72.65,75.7445193768997,76.60557560790274,76.17504749240123,73.70735574590934,74.2197491836517,73.95916004054091,73.95916004054091,-1.3091600405409025
294.0,75.0,72.4,73.0,72.7,75.7445193768997,76.60557560790274,76.17504749240123,73.8198281168904,74.34071062780308,74.07611901539177,74.07611901539177,-1.3761190153917653
295.0,75.0,72.5,73.0,72.75,75.7445193768997,76.60557560790274,76.17504749240123,73.92609085697012,74.45553932448277,74.18690466145435,74.18690466145435,-1.4369046614543493
296.0,75.0,72.5,73.0,72.75,75.7445193768997,76.60557560790274,76.17504749240123,74.02648680159861,74.56454620410184,74.29184281937813,74.29184281937813,-1.5418428193781324
297.0,75.0,72.5,73.0,72.75,75.7445193768997,76.60557560790274,76.17504749240123,74.12133985818538,74.66802643289371,74.39124213129094,74.39124213129094,-1.6412421312909373
298.0,75.0,72.6,72.9,72.75,75.7445193768997,76.60557560790274,76.17504749240123,74.21095605112171,74.76626021215826,74.48539494857134,74.48539494857134,-1.73539494857134
299.0,75.0,72.6,72.7,72.65,75.7445193768997,76.60557560790274,76.17504749240123,74.2956245091071,74.85951353698424,74.57457819170699,74.57457819170699,-1.9245781917069849
300.0,75.0,72.6,72.7,72.65,75.7445193768997,76.60557560790274,76.17504749240123,74.37561839796507,74.94803891650447,74.65905416476795,74.65905416476795,-2.009054164767946
301.0,75.0,72.7,72.7,72.7,75.7445193768997,76.60557560790274,76.17504749240123,74.45119580195801,75.03207605763403,74.73907132689045,74.73907132689045,-2.0390713268904506
302.0,75.0,72.7,72.7,72.7,75.7445193768997,76.60557560790274,76.17504749240123,74.52260055644436,75.11185251414292,74.81486502304023,74.81486502304023,-2.114865023040224
303.0,75.0,72.7,72.8,72.75,75.7445193768997,76.60557560790274,76.17504749240123,74.59006303456458,75.18758430282078,74.88665817620468,74.88665817620468,-2.1366581762046764
304.0,75.0,72.7,72.9,72.80000000000001,75.7445193768997,76.60557560790274,76.17504749240123,74.65380089049393,75.25947648840199,74.95466194304971,74.95466194304971,-2.154661943049703
305.0,75.0,72.7,73.0,72.85,75.7445193768997,76.60557560790274,76.17504749240123,74.71401976166005,75.32772373883506,75.01907633496981,75.01907633496981,-2.169076334969816
306.0,75.0,72.7,73.1,72.9,75.7445193768997,76.60557560790274,76.17504749240123,74.77091393219104,75.39251085239991,75.08009080635772,75.08009080635772,-2.180090806357711
307.0,75.0,72.7,73.1,72.9,75.7445193768997,76.60557560790274,76.17504749240123,74.82466695973416,75.45401325810019,75.13788481182412,75.13788481182412,-2.2378848118241166
308.0,75.0,72.7,73.2,72.95,75.7445193768997,76.60557560790274,76.17504749240123,74.87545226766791,75.51239749068584,75.19262833400619,75.19262833400619,-2.2426283340061843
309.0,75.0,72.7,73.2,72.95,75.7445193768997,76.60557560790274,76.17504749240123,74.92343370461779,75.56782164159185,75.24448238351727,75.24448238351727,-2.2944823835172627
310.0,75.0,72.7,73.3,73.0,75.7445193768997,76.60557560790274,76.17504749240123,74.96876607308111,75.62043578701451,75.29359947250826,75.29359947250826,-2.2935994725082622
311.0,75.0,72.8,73.3,73.05,75.7445193768997,76.60557560790274,76.17504749240123,75.01159562886622,75.67038239428418,75.3401240632335,75.3401240632335,-2.290124063233506
312.0,75.0,72.8,73.3,73.05,75.7445193768997,76.60557560790274,76.17504749240123,75.05206055295756,75.71779670763489,75.3841929929404,75.3841929929404,-2.3341929929404017
313.0,75.0,72.8,73.4,73.1,75.7445193768997,76.60557560790274,76.17504749240123,75.09029139732898,75.76280711441552,75.42593587633255,75.42593587633255,-2.325935876332551
314.0,75.0,72.8,73.4,73.1,75.7445193768997,76.60557560790274,76.17504749240123,75.12641150614355,75.80553549273395,75.46547548679007,75.46547548679007,-2.365475486790075
315.0,75.0,72.8,73.4,73.1,75.7445193768997,76.60557560790274,76.17504749240123,75.16053741369876,75.84609754147571,75.50292811746834,75.50292811746834,-2.402928117468349
316.0,75.0,72.8,73.4,73.1,75.7445193768997,76.60557560790274,76.17504749240123,75.19277922040108,75.8846030935907,75.53840392333726,75.53840392333726,-2.438403923337262
317.0,75.0,72.8,73.3,73.05,75.7445193768997,76.60557560790274,76.17504749240123,75.22324094798292,75.92115641349619,75.57200724516689,75.57200724516689,-2.52200724516689
318.0,75.0,72.8,73.2,73.0,75.7445193768997,76.60557560790274,76.17504749240123,75.25202087510789,75.95585647940158,75.60383691641266,75.60383691641266,-2.6038369164126607
319.0,75.0,72.8,73.0,72.9,75.7445193768997,76.60557560790274,76.17504749240123,75.27921185444724,75.98879725131918,75.63398655390237,75.63398655390237,-2.733986553902369
320.0,75.0,72.8,72.9,72.85,75.7445193768997,76.60557560790274,76.17504749240123,75.3049016122504,76.02006792548697,75.66254483318029,75.66254483318029,-2.812544833180297
321.0,75.0,72.9,72.9,72.9,75.7445193768997,76.60557560790274,76.17504749240123,75.32917303137616,76.04975317589196,75.68959574931797,75.68959574931797,-2.789595749317968
322.0,75.0,72.9,73.0,72.95,75.7445193768997,76.60557560790274,76.17504749240123,75.35210441869758,76.07793338354846,75.71521886395898,75.71521886395898,-2.765218863958978
323.0,75.0,72.9,73.1,73.0,75.7445193768997,76.60557560790274,76.17504749240123,75.3737697577435,76.10468485415184,75.73948953932407,75.73948953932407,-2.739489539324069
324.0,75.0,72.9,73.1,73.0,75.7445193768997,76.60557560790274,76.17504749240123,75.39423894739154,76.13008002469732,75.76247915986517,75.76247915986517,-2.7624791598651655
325.0,75.0,72.9,73.2,73.05000000000001,75.7445193768997,76.60557560790274,76.17504749240123,75.41357802738283,76.1541876596231,75.78425534221994,75.78425534221994,-2.7342553422199245
326.0,75.0,72.9,73.3,73.1,75.7445193768997,76.60557560790274,76.17504749240123,75.431849391386,76.17707303700908,75.80488213408456,75.80488213408456,-2.7048821340845706
327.0,75.0,72.9,73.3,73.1,75.7445193768997,76.60557560790274,76.17504749240123,75.44911198829789,76.1987981253353,75.82442020258965,75.82442020258965,-2.7244202025896556
328.0,75.0,72.9,73.4,73.15,75.7445193768997,76.60557560790274,76.17504749240123,75.46542151243032,76.21942175127869,75.84292701273321,75.84292701273321,-2.6929270127332074
329.0,75.0,73.1,73.5,73.3,75.7445193768997,76.60557560790274,76.17504749240123,75.4808305831967,76.23899975900258,75.86045699639567,75.86045699639567,-2.560456996395672
330.0,85.0,74.1,73.9,74.0,84.81863918439716,85.83433067375886,85.32648492907802,75.99637359465027,76.7254832151172,76.36009289712098,76.36009289712098,-2.3600928971209783
331.0,85.0,76.6,75.1,75.85,84.81863918439716,85.83433067375886,85.32648492907802,76.48345333297308,77.18730195094486,76.83335701497506,76.83335701497506,-0.9833570149750699
332.0,85.0,78.2,76.3,77.25,84.81863918439716,85.83433067375886,85.32648492907802,76.94364126339563,77.62570646826354,77.28164130544151,77.28164130544151,-0.03164130544151078
333.0,85.0,79.1,77.4,78.25,84.81863918439716,85.83433067375886,85.32648492907802,77.3784220901157,78.04188386838783,77.70626425380745,77.70626425380745,0.5437357461925529
334.0,85.0,79.5,78.2,78.85,84.81863918439716,85.83433067375886,85.32648492907802,77.78919854639915,78.43696106657349,78.10847475306757,78.10847475306757,0.7415252469324258
335.0,85.0,79.7,78.8,79.25,84.81863918439716,85.83433067375886,85.32648492907802,78.17729592021784,78.81200784345185,78.48945577714463,78.48945577714463,0.7605442228553727
336.0,85.0,80.0,79.3,79.65,84.81863918439716,85.83433067375886,85.32648492907802,78.54396633002595,79.16803974175633,78.85032786023001,78.85032786023001,0.7996721397699957
337.0,85.0,80.1,79.8,79.94999999999999,84.81863918439716,85.83433067375886,85.32648492907802,78.89039276446931,79.5060208161848,79.19215239247767,79.19215239247767,0.7578476075223222
338.0,85.0,80.3,80.1,80.19999999999999,84.81863918439716,85.83433067375886,85.32648492907802,79.21769289906143,79.82686624384402,79.51593474174487,79.51593474174487,0.6840652582551172
339.0,85.0,80.4,80.4,80.4,84.81863918439716,85.83433067375886,85.32648492907802,79.52692270213969,80.1314448023444,79.82262721056111,79.82262721056111,0.5773727894388969
340.0,85.0,80.6,80.7,80.65,84.81863918439716,85.83433067375886,85.32648492907802,79.81907984173567,80.4205812222553,80.11313183702231,80.11313183702231,0.5368681629776972
341.0,85.0,80.7,80.9,80.80000000000001,84.81863918439716,85.83433067375886,85.32648492907802,80.09510690435133,80.69505842029082,80.38830304784824,80.38830304784824,0.4116969521517717
342.0,85.0,80.8,81.2,81.0,84.81863918439716,85.83433067375886,85.32648492907802,80.3558944360255,80.95561961927314,80.64895017140627,80.64895017140627,0.35104982859373024
343.0,85.0,80.9,81.3,81.1,84.81863918439716,85.83433067375886,85.32648492907802,80.60228381550242,81.20297036061346,80.89583981809264,80.89583981809264,0.20416018190735485
344.0,85.0,81.0,81.5,81.25,84.81863918439716,85.83433067375886,85.32648492907802,80.83506996877172,81.43778041476033,81.12969813507249,81.12969813507249,0.12030186492751227
345.0,85.0,81.1,81.7,81.4,84.81863918439716,85.83433067375886,85.32648492907802,81.0550039337379,81.66068559478803,81.35121294201019,81.35121294201019,0.048787057989812865
346.0,85.0,81.2,81.8,81.5,84.81863918439716,85.83433067375886,85.32648492907802,81.26279528329374,81.87228947803618,81.56103575407154,81.56103575407154,-0.06103575407153983
347.0,85.0,81.2,81.9,81.55000000000001,84.81863918439716,85.83433067375886,85.32648492907802,81.45911441461519,82.07316504046202,81.75978369814787,81.75978369814787,-0.20978369814785935
348.0,85.0,81.3,82.0,81.65,84.81863918439716,85.83433067375886,85.32648492907802,81.64459471206352,82.26385620813106,81.94804132793799,81.94804132793799,-0.2980413279379803
349.0,85.0,81.4,82.1,81.75,84.81863918439716,85.83433067375886,85.32648492907802,81.81983459067317,82.4448793300472,82.12636234322649,82.12636234322649,-0.3763623432264893
350.0,85.0,81.4,82.2,81.80000000000001,84.81863918439716,85.83433067375886,85.32648492907802,81.98539942681796,82.61672457631019,82.2952712184151,82.2952712184151,-0.49527121841508404
351.0,85.0,81.4,82.2,81.80000000000001,84.81863918439716,85.83433067375886,85.32648492907802,82.14182338228484,82.77985726538661,82.45526474509687,82.45526474509687,-0.6552647450968578
352.0,85.0,81.5,82.3,81.9,84.81863918439716,85.83433067375886,85.32648492907802,82.28961112763979,82.9347191240881,82.60681349321023,82.60681349321023,-0.7068134932102197
353.0,85.0,81.6,82.4,82.0,84.81863918439716,85.83433067375886,85.32648492907802,82.42923947044643,83.08172948366875,82.7503631950704,82.7503631950704,-0.7503631950704062
354.0,85.0,81.6,82.4,82.0,84.81863918439716,85.83433067375886,85.32648492907802,82.56115889359012,83.22128641528023,82.8863360563489,82.8863360563489,-0.8863360563488953
355.0,85.0,81.7,82.5,82.1,84.81863918439716,85.83433067375886,85.32648492907802,82.68579500867071,83.35376780785943,83.0151319978568,83.0151319978568,-0.915131997856804
356.0,85.0,81.7,82.5,82.1,84.81863918439716,85.83433067375886,85.32648492907802,82.80354992915322,83.47953239136707,83.13712983178434,83.13712983178434,-1.0371298317843411
357.0,85.0,81.7,82.6,82.15,84.81863918439716,85.83433067375886,85.32648492907802,82.91480356770634,83.5989207081482,83.25268837585615,83.25268837585615,-1.1026883758561468
358.0,85.0,81.8,82.6,82.19999999999999,84.81863918439716,85.83433067375886,85.32648492907802,83.01991486191461,83.71225603504463,83.36214750867919,83.36214750867919,-1.1621475086791975
359.0,85.0,81.8,82.6,82.19999999999999,84.81863918439716,85.83433067375886,85.32648492907802,83.11922293231865,83.81984525875626,83.46582916938725,83.46582916938725,-1.2658291693872599
360.0,85.0,81.8,82.7,82.25,84.81863918439716,85.83433067375886,85.32648492907802,83.21304817651964,83.9219797068216,83.56403830452228,83.56403830452228,-1.3140383045222848
361.0,85.0,81.9,82.7,82.30000000000001,84.81863918439716,85.83433067375886,85.32648492907802,83.30169330287804,84.01893593646753,83.6570637649374,83.6570637649374,-1.3570637649373936
362.0,85.0,81.9,82.7,82.30000000000001,84.81863918439716,85.83433067375886,85.32648492907802,83.38544430714148,84.11097648346436,83.74517915535955,83.74517915535955,-1.44517915535954
363.0,85.0,81.9,82.8,82.35,84.81863918439716,85.83433067375886,85.32648492907802,83.46457139515282,84.19835057301397,83.82864363911057,83.82864363911057,-1.4786436391105724
364.0,85.0,81.9,82.8,82.35,84.81863918439716,85.83433067375886,85.32648492907802,83.53932985461509,84.28129479459585,83.90770270035341,83.90770270035341,-1.557702700353417
365.0,85.0,82.0,82.8,82.4,84.81863918439716,85.83433067375886,85.32648492907802,83.60996087872621,84.3600337425985,83.98258886610562,83.98258886610562,-1.5825888661056098
366.0,85.0,82.0,82.8,82.4,84.81863918439716,85.83433067375886,85.32648492907802,83.67669234434054,84.43478062447072,84.05352239014331,84.05352239014331,-1.6535223901433085
367.0,85.0,82.0,82.8,82.4,84.81863918439716,85.83433067375886,85.32648492907802,83.73973954716787,84.50573783803966,84.12071190080748,84.12071190080748,-1.7207119008074727
368.0,85.0,82.0,82.9,82.45,84.81863918439716,85.83433067375886,85.32648492907802,83.79930589638195,84.57309751955891,84.18435501461768,84.18435501461768,-1.7343550146176767
369.0,85.0,82.0,82.9,82.45,84.81863918439716,85.83433067375886,85.32648492907802,83.85558357087945,84.6370420639704,84.24463891749805,84.24463891749805,-1.7946389174980482
370.0,85.0,82.0,82.9,82.45,84.81863918439716,85.83433067375886,85.32648492907802,83.90875413930664,84.6977446187891,84.301740915325,84.301740915325,-1.8517409153249957
371.0,85.0,82.1,82.9,82.5,84.81863918439716,85.83433067375886,85.32648492907802,83.95898914585435,84.75536955294776,84.35582895541589,84.35582895541589,-1.8558289554158875
372.0,85.0,82.1,82.9,82.5,84.81863918439716,85.83433067375886,85.32648492907802,84.00645066371085,84.81007290187117,84.40706212049251,84.40706212049251,-1.9070621204925118
373.0,85.0,82.1,82.9,82.5,84.81863918439716,85.83433067375886,85.32648492907802,84.05129181795863,84.86200278998517,84.45559109657222,84.45559109657222,-1.9555910965722205
374.0,85.0,82.1,82.9,82.5,84.81863918439716,85.83433067375886,85.32648492907802,84.09365727960171,84.91129983180447,84.50155861616275,84.50155861616275,-2.001558616162754
375.0,85.0,82.1,83.0,82.55,84.81863918439716,85.83433067375886,85.32648492907802,84.13368373231778,84.95809751268526,84.54509987806442,84.54509987806442,-1.9950998780644227
376.0,85.0,82.1,83.0,82.55,84.81863918439716,85.83433067375886,85.32648492907802,84.17150031344059,85.00252255027367,84.58634294501424,84.58634294501424,-2.0363429450142405
377.0,85.0,82.1,83.0,82.55,84.81863918439716,85.83433067375886,85.32648492907802,84.20722903059578,85.04469523762883,84.62540912034164,84.62540912034164,-2.0754091203416465
378.0,85.0,82.1,83.0,82.55,84.81863918439716,85.83433067375886,85.32648492907802,84.24098515533403,85.08472976894952,84.66241330474357,84.66241330474357,-2.112413304743569
379.0,85.0,82.1,83.0,82.55,84.81863918439716,85.83433067375886,85.32648492907802,84.27287759503163,85.1227345487865,84.69746433422816,84.69746433422816,-2.147464334228161
380.0,85.0,82.1,83.0,82.55,84.81863918439716,85.83433067375886,85.32648492907802,84.3030092442583,85.15881248557781,84.73066530022125,84.73066530022125,-2.18066530022125
381.0,85.0,82.1,83.0,82.55,84.81863918439716,85.83433067375886,85.32648492907802,84.33147731674596,85.19306127030177,84.76211385277684,84.76211385277684,-2.212113852776838
382.0,85.0,82.1,83.0,82.55,84.81863918439716,85.83433067375886,85.32648492907802,84.35837365902931,85.22557364100226,84.79190248778366,84.79190248778366,-2.241902487783662
383.0,85.0,82.1,83.0,82.55,84.81863918439716,85.83433067375886,85.32648492907802,84.38378504677031,85.2564376339026,84.8201188190123,84.8201188190123,-2.2701188190122963
384.0,85.0,82.1,83.0,82.55,84.81863918439716,85.83433067375886,85.32648492907802,84.4077934647225,85.28573682178799,84.84684583580314,84.84684583580314,-2.29684583580314
385.0,85.0,82.1,83.0,82.55,84.81863918439716,85.83433067375886,85.32648492907802,84.43047637123834,85.31355054030182,84.87216214715312,84.87216214715312,-2.322162147153122
386.0,85.0,82.1,83.0,82.55,84.81863918439716,85.83433067375886,85.32648492907802,84.45190694817312,85.33995410276889,84.89614221291897,84.89614221291897,-2.346142212918977
387.0,85.0,82.2,83.0,82.6,84.81863918439716,85.83433067375886,85.32648492907802,84.4721543369915,85.36501900412705,84.91885656281714,84.91885656281714,-2.318856562817146
388.0,85.0,82.2,83.0,82.6,84.81863918439716,85.83433067375886,85.32648492907802,84.49128386183864,85.38881311451945,84.94037200386447,84.94037200386447,-2.3403720038644735
389.0,85.0,82.2,83.0,82.6,84.81863918439716,85.83433067375886,85.32648492907802,84.5093572402955,85.41140086307175,84.96075181686975,84.96075181686975,-2.360751816869751
390.0,85.0,82.2,83.0,82.6,84.81863918439716,85.83433067375886,85.32648492907802,84.52643278249819,85.43284341235169,84.980055942554,84.980055942554,-2.3800559425540087
391.0,85.0,82.2,83.0,82.6,84.81863918439716,85.83433067375886,85.32648492907802,84.54256557926398,85.45319882398371,84.99834115784707,84.99834115784707,-2.398341157847071
392.0,85.0,82.2,83.0,82.6,84.81863918439716,85.83433067375886,85.32648492907802,84.5578076798308,85.47252221586682,85.01566124287875,85.01566124287875,-2.4156612428787554
393.0,85.0,82.2,83.0,82.6,84.81863918439716,85.83433067375886,85.32648492907802,84.57220825978366,85.49086591142151,85.03206713915598,85.03206713915598,-2.43206713915599
394.0,85.0,82.2,83.0,82.6,84.81863918439716,85.83433067375886,85.32648492907802,84.58581377970985,85.50827958126987,85.04760709939099,85.04760709939099,-2.447607099390993
395.0,85.0,82.4,83.0,82.7,84.81863918439716,85.83433067375886,85.32648492907802,84.59866813509468,85.52481037773256,85.06232682942125,85.06232682942125,-2.3623268294212494
396.0,95.0,83.4,83.4,83.4,93.89275899189462,95.06308573961499,94.47792236575481,85.11179747771386,86.00840111625367,85.55930080732585,85.55930080732585,-2.159300807325849
397.0,95.0,84.9,84.2,84.55000000000001,93.89275899189462,95.06308573961499,94.47792236575481,85.59659680653033,86.4674737953237,86.0300435039736,86.0300435039736,-1.4800435039735902
398.0,95.0,86.6,85.3,85.94999999999999,93.89275899189462,95.06308573961499,94.47792236575481,86.05463022948997,86.90327148101353,86.47593945889166,86.47593945889166,-0.5259394588916706
399.0,95.0,87.8,86.5,87.15,93.89275899189462,95.06308573961499,94.47792236575481,86.48737549970373,87.31697421592109,86.89830013283974,86.89830013283974,0.25169986716026926
400.0,95.0,88.4,87.5,87.95,93.89275899189462,95.06308573961499,94.47792236575481,86.89622878312204,87.70970221446261,87.29836776505377,87.29836776505377,0.6516322349462342
401.0,95.0,88.7,88.3,88.5,93.89275899189462,95.06308573961499,94.47792236575481,87.2825091629847,88.08251889616255,87.67731902689643,87.67731902689643,0.8226809731035729
402.0,95.0,89.0,89.0,89.0,93.89275899189462,95.06308573961499,94.47792236575481,87.64746289557871,88.4364337651557,88.03626848266073,88.03626848266073,0.9637315173392693
403.0,95.0,89.2,89.5,89.35,93.89275899189462,95.06308573961499,94.47792236575481,87.9922674310347,88.77240514369836,88.37627186770551,88.37627186770551,0.9737281322944824
404.0,95.0,89.4,90.0,89.7,93.89275899189462,95.06308573961499,94.47792236575481,88.3180352121339,89.09134276709062,88.69832919356426,88.69832919356426,1.0016708064357402
405.0,95.0,89.6,90.3,89.94999999999999,93.89275899189462,95.06308573961499,94.47792236575481,88.625817263382,89.3941102470359,89.0033876891602,89.0033876891602,0.9466123108397824
406.0,95.0,89.8,90.6,90.19999999999999,93.89275899189462,95.06308573961499,94.47792236575481,88.91660658192926,89.68152741010817,89.29234458677811,89.29234458677811,0.9076554132218746
407.0,95.0,89.9,90.9,90.4,93.89275899189462,95.06308573961499,94.47792236575481,89.19134134127694,89.95437251765884,89.56604976098691,89.56604976098691,0.8339502390130917
408.0,95.0,90.0,91.1,90.55,93.89275899189462,95.06308573961499,94.47792236575481,89.4509079181062,90.21338437317428,89.82530822827476,89.82530822827476,0.724691771725233
409.0,95.0,90.1,91.3,90.69999999999999,93.89275899189462,95.06308573961499,94.47792236575481,89.69614375199497,90.45926432279035,90.07088251474832,90.07088251474832,0.629117485251669
410.0,95.0,90.2,91.5,90.85,93.89275899189462,95.06308573961499,94.47792236575481,89.92784004724905,90.69267815438077,90.3034948988601,90.3034948988601,0.5465051011398998
411.0,95.0,90.3,91.6,90.94999999999999,93.89275899189462,95.06308573961499,94.47792236575481,90.14674432556431,90.91425790036166,90.52382953576026,90.52382953576026,0.4261704642397319
412.0,95.0,90.4,91.8,91.1,93.89275899189462,95.06308573961499,94.47792236575481,90.3535628377558,91.12460354909385,90.73253446952079,90.73253446952079,0.36746553047920827
413.0,95.0,90.5,91.9,91.2,93.89275899189462,95.06308573961499,94.47792236575481,90.5489628423345,91.32428466951711,90.93022353915046,90.93022353915046,0.2697764608495419
414.0,95.0,90.6,92.0,91.3,93.89275899189462,95.06308573961499,94.47792236575481,90.73357475828332,91.51384195341538,91.11747818400659,91.11747818400659,0.182521815993411
415.0,95.0,90.7,92.1,91.4,93.89275899189462,95.06308573961499,94.47792236575481,90.9079941989777,91.69378867948903,91.2948491539134,91.2948491539134,0.10515084608660175
416.0,95.0,90.7,92.1,91.4,93.89275899189462,95.06308573961499,94.47792236575481,91.07278389381287,91.86461210319881,91.4628581290171,91.4628581290171,-0.0628581290171013
417.0,95.0,90.8,92.2,91.5,93.89275899189462,95.06308573961499,94.47792236575481,91.22847550373751,92.02677477614449,91.62199925414161,91.62199925414161,-0.12199925414161328
418.0,95.0,90.8,92.3,91.55,93.89275899189462,95.06308573961499,94.47792236575481,91.37557133655143,92.18071579855115,91.772740592158,91.772740592158,-0.22274059215800435
419.0,95.0,90.9,92.3,91.6,93.89275899189462,95.06308573961499,94.47792236575481,91.51454596750098,92.32685200825426,91.91552550064218,91.91552550064218,-0.3155255006421811
420.0,95.0,90.9,92.4,91.65,93.89275899189462,95.06308573961499,94.47792236575481,91.6458477704011,92.4655791094033,92.0507739358698,92.0507739358698,-0.40077393586979326
421.0,95.0,91.0,92.4,91.7,93.89275899189462,95.06308573961499,94.47792236575481,91.76990036422367,92.59727274393993,92.17888368798374,92.17888368798374,-0.47888368798373904
422.0,95.0,91.0,92.4,91.7,93.89275899189462,95.06308573961499,94.47792236575481,91.8871039798192,92.72228950875244,92.30023155096696,92.30023155096696,-0.6002315509669529
423.0,95.0,91.0,92.5,91.75,93.89275899189462,95.06308573961499,94.47792236575481,91.99783675118157,92.84096792126022,92.41517443086182,92.41517443086182,-0.6651744308618248
424.0,95.0,91.1,92.5,91.8,93.89275899189462,95.06308573961499,94.47792236575481,92.10245593542164,92.95362933604318,92.52405039549544,92.52405039549544,-0.7240503954954391
425.0,95.0,91.1,92.5,91.8,93.89275899189462,95.06308573961499,94.47792236575481,92.20129906538577,93.06057881499805,92.62717966879833,92.62717966879833,-0.8271796687983368
426.0,95.0,91.1,92.6,91.85,93.89275899189462,95.06308573961499,94.47792236575481,92.29468503863792,93.16210595337772,92.72486557264106,92.72486557264106,-0.8748655726410703
427.0,95.0,91.2,92.6,91.9,93.89275899189462,95.06308573961499,94.47792236575481,92.38291514631881,93.25848566395034,92.81739541895875,92.81739541895875,-0.9173954189587477
428.0,95.0,91.2,92.6,91.9,93.89275899189462,95.06308573961499,94.47792236575481,92.46627404520143,93.34997892140161,92.90504135478751,92.90504135478751,-1.0050413547875081
429.0,95.0,91.2,92.7,91.95,93.89275899189462,95.06308573961499,94.47792236575481,92.54503067607914,93.43683346899583,92.98806116269819,92.98806116269819,-1.0380611626981846
430.0,95.0,91.2,92.7,91.95,93.89275899189462,95.06308573961499,94.47792236575481,92.61943913144921,93.51928448940915,93.06669901898158,93.06669901898158,-1.1166990189815778
431.0,95.0,91.2,92.7,91.95,93.89275899189462,95.06308573961499,94.47792236575481,92.68973947529147,93.59755524155165,93.14118621181514,93.14118621181514,-1.1911862118151362
432.0,95.0,91.3,92.7,92.0,93.89275899189462,95.06308573961499,94.47792236575481,92.75615851758661,93.67185766510254,93.21174182152339,93.21174182152339,-1.2117418215233897
433.0,95.0,91.3,92.7,92.0,93.89275899189462,95.06308573961499,94.47792236575481,92.81891054607314,93.74239295439534,93.27857336493283,93.27857336493283,-1.278573364932825
434.0,95.0,91.3,92.7,92.0,93.89275899189462,95.06308573961499,94.47792236575481,92.87819801760392,93.8093521032071,93.34187740571647,93.34187740571647,-1.341877405716474
435.0,95.0,91.3,92.7,92.0,93.89275899189462,95.06308573961499,94.47792236575481,92.9342122113326,93.87291642192683,93.4018401325233,93.4018401325233,-1.4018401325233043
436.0,95.0,91.3,92.7,92.0,93.89275899189462,95.06308573961499,94.47792236575481,92.98713384583758,93.93325802850343,93.4586379065927,93.4586379065927,-1.458637906592699
437.0,95.0,91.4,92.7,92.05000000000001,93.89275899189462,95.06308573961499,94.47792236575481,93.03713366217417,93.99054031450258,93.51243778046486,93.51243778046486,-1.4624377804648532
438.0,95.0,91.4,92.8,92.1,93.89275899189462,95.06308573961499,94.47792236575481,93.08437297473658,94.04491838753455,93.56339798931258,93.56339798931258,-1.4633979893125826
439.0,95.0,91.4,92.8,92.1,93.89275899189462,95.06308573961499,94.47792236575481,93.12900419170637,94.09653949125088,93.61166841633946,93.61166841633946,-1.511668416339461
440.0,95.0,91.4,92.8,92.1,93.89275899189462,95.06308573961499,94.47792236575481,93.17117130676702,94.14554340404723,93.65739103361366,93.65739103361366,-1.5573910336136692
441.0,95.0,91.4,92.8,92.1,93.89275899189462,95.06308573961499,94.47792236575481,93.21101036367065,94.19206281755199,93.70070031963344,93.70070031963344,-1.6007003196334466
442.0,95.0,91.4,92.8,92.1,93.89275899189462,95.06308573961499,94.47792236575481,93.24864989515599,94.2362236959255,93.7417236548527,93.7417236548527,-1.6417236548527114
443.0,95.0,91.4,92.8,92.1,93.89275899189462,95.06308573961499,94.47792236575481,93.28421133763347,94.27814561694288,93.7805816963301,93.7805816963301,-1.6805816963301083
444.0,95.0,91.4,92.8,92.1,93.89275899189462,95.06308573961499,94.47792236575481,93.31780942297551,94.31794209578378,93.8173887326032,93.8173887326032,-1.7173887326032116
445.0,95.0,91.4,92.8,92.1,93.89275899189462,95.06308573961499,94.47792236575481,93.34955254867594,94.35572089240614,93.8522530198318,93.8522530198318,-1.7522530198318123
446.0,95.0,91.4,92.9,92.15,93.89275899189462,95.06308573961499,94.47792236575481,93.37954312757279,94.39158430333603,93.88527710019895,93.88527710019895,-1.7352771001989424
447.0,95.0,91.4,92.9,92.15,93.89275899189462,95.06308573961499,94.47792236575481,93.40787791826278,94.42562943866373,93.91655810350596,93.91655810350596,-1.7665581035059574
448.0,95.0,91.4,92.9,92.15,93.89275899189462,95.06308573961499,94.47792236575481,93.4346483372736,94.45794848499614,93.94618803284891,93.94618803284891,-1.796188032848903
449.0,95.0,91.5,92.9,92.2,93.89275899189462,95.06308573961499,94.47792236575481,93.459940754001,94.48862895507747,93.97425403521625,93.97425403521625,-1.774254035216245
450.0,95.0,91.5,92.9,92.2,93.89275899189462,95.06308573961499,94.47792236575481,93.48383676936236,94.51775392475419,94.000838657804,94.000838657804,-1.8008386578039932
451.0,95.0,91.5,92.9,92.2,93.89275899189462,95.06308573961499,94.47792236575481,93.50641347906569,94.54540225792577,94.02602009080192,94.02602009080192,-1.8260200908019186
452.0,95.0,91.5,92.9,92.2,93.89275899189462,95.06308573961499,94.47792236575481,93.52774372234352,94.57164882009053,94.04987239736509,94.04987239736509,-1.8498723973650897
453.0,95.0,91.5,92.9,92.2,93.89275899189462,95.06308573961499,94.47792236575481,93.54789631695407,94.59656468106463,94.07246573144701,94.07246573144701,-1.872465731447008
454.0,95.0,91.5,92.9,92.2,93.89275899189462,95.06308573961499,94.47792236575481,93.56693628120799,94.62021730742323,94.09386654413508,94.09386654413508,-1.8938665441350793
455.0,95.0,91.5,92.9,92.2,93.89275899189462,95.06308573961499,94.47792236575481,93.58492504373689,94.64267074518486,94.11413777909534,94.11413777909534,-1.9141377790953413
456.0,95.0,91.5,92.9,92.2,93.89275899189462,95.06308573961499,94.47792236575481,93.60192064168055,94.66398579323372,94.13333905770114,94.13333905770114,-1.933339057701133
457.0,95.0,91.5,92.9,92.2,93.89275899189462,95.06308573961499,94.47792236575481,93.6179779079321,94.68422016794946,94.15152685439038,94.15152685439038,-1.95152685439038
458.0,95.0,91.5,92.9,92.2,93.89275899189462,95.06308573961499,94.47792236575481,93.63314864804539,94.7034286594902,94.16875466276714,94.16875466276714,-1.9687546627671395
459.0,95.0,91.5,92.9,92.2,93.89275899189462,95.06308573961499,94.47792236575481,93.64748180737523,94.72166328015201,94.18507315293598,94.18507315293598,-1.985073152935982
460.0,95.0,91.5,92.9,92.2,93.89275899189462,95.06308573961499,94.47792236575481,93.66102362898975,94.73897340520662,94.20053032053194,94.20053032053194,-2.0005303205319365
461.0,95.0,91.5,92.9,92.2,93.89275899189462,95.06308573961499,94.47792236575481,93.67381780286443,94.75540590659851,94.21517162788436,94.21517162788436,-2.0151716278843566
462.0,95.0,91.5,92.9,92.2,93.89275899189462,95.06308573961499,94.47792236575481,93.68590560683906,94.77100527986373,94.22904013772985,94.22904013772985,-2.029040137729851
463.0,95.0,91.5,92.9,92.2,93.89275899189462,95.06308573961499,94.47792236575481,93.69732603979237,94.78581376461383,94.24217663986761,94.24217663986761,-2.0421766398676056
464.0,95.0,91.5,92.9,92.2,93.89275899189462,95.06308573961499,94.47792236575481,93.7081159474642,94.79987145891126,94.25461977112957,94.25461977112957,-2.054619771129566
465.0,95.0,91.5,92.9,92.2,93.89275899189462,95.06308573961499,94.47792236575481,93.71831014133078,94.81321642784594,94.26640612901836,94.26640612901836,-2.066406129018361
466.0,95.0,91.5,93.0,92.25,93.89275899189462,95.06308573961499,94.47792236575481,93.72794151091708,94.82588480660706,94.27757037934715,94.27757037934715,-2.0275703793471536
467.0,95.0,91.5,93.0,92.25,93.89275899189462,95.06308573961499,94.47792236575481,93.73704112990825,94.83791089832901,94.28814535819814,94.28814535819814,-2.038145358198136
468.0,95.0,91.5,93.0,92.25,93.89275899189462,95.06308573961499,94.47792236575481,93.74563835640262,94.84932726697664,94.29816216849933,94.29816216849933,-2.0481621684993314
469.0,95.0,91.5,93.0,92.25,93.89275899189462,95.06308573961499,94.47792236575481,93.75376092762974,94.86016482552118,94.30765027150399,94.30765027150399,-2.057650271503988
470.0,95.0,91.5,93.0,92.25,93.89275899189462,95.06308573961499,94.47792236575481,93.76143504943902,94.87045291964563,94.31663757344144,94.31663757344144,-2.06663757344144
471.0,95.0,91.5,93.0,92.25,93.89275899189462,95.06308573961499,94.47792236575481,93.76868548084761,94.88021940720633,94.32515050759437,94.32515050759437,-2.0751505075943726
472.0,95.0,91.5,93.0,92.25,93.89275899189462,95.06308573961499,94.47792236575481,93.77553561392044,94.88949073366578,94.33321411204392,94.33321411204392,-2.083214112043919
473.0,95.0,91.6,93.0,92.3,93.89275899189462,95.06308573961499,94.47792236575481,93.78200754924002,94.89829200370103,94.34085210331115,94.34085210331115,-2.0408521033111526
474.0,95.0,91.6,93.0,92.3,93.89275899189462,95.06308573961499,94.47792236575481,93.78812216720955,94.90664704918156,94.3480869461117,94.3480869461117,-2.0480869461117095
475.0,95.0,91.6,93.0,92.3,93.89275899189462,95.06308573961499,94.47792236575481,93.79389919541937,94.91457849370059,94.35493991942857,94.35493991942857,-2.054939919428577
476.0,95.0,91.6,93.0,92.3,93.89275899189462,95.06308573961499,94.47792236575481,93.79935727229406,94.92210781383476,94.36143117909742,94.36143117909742,-2.0614311790974256
477.0,95.0,91.6,93.0,92.3,93.89275899189462,95.06308573961499,94.47792236575481,93.80451400722559,94.92925539729788,94.36757981708857,94.36757981708857,-2.0675798170885713
478.0,95.0,91.6,93.0,92.3,93.89275899189462,95.06308573961499,94.47792236575481,93.80938603738652,94.93604059814628,94.37340391765993,94.37340391765993,-2.073403917659931
479.0,95.0,91.6,93.0,92.3,93.89275899189462,95.06308573961499,94.47792236575481,93.81398908140643,94.94248178918527,94.37892061054607,94.37892061054607,-2.078920610546078
480.0,95.0,91.6,93.0,92.3,93.89275899189462,95.06308573961499,94.47792236575481,93.81833799008506,94.9485964117186,94.38414612133992,94.38414612133992,-2.084146121339927
481.0,95.0,91.6,93.0,92.3,93.89275899189462,95.06308573961499,94.47792236575481,93.82244679430528,94.95440102277558,94.38909581921511,94.38909581921511,-2.0890958192151174
482.0,95.0,91.5,93.0,92.25,93.89275899189462,95.06308573961499,94.47792236575481,93.82632875030109,94.95991133994386,94.39378426212953,94.39378426212953,-2.143784262129529
483.0,95.0,91.5,92.9,92.2,93.89275899189462,95.06308573961499,94.47792236575481,93.82999638242607,94.96514228392905,94.39822523964291,94.39822523964291,-2.198225239642909
484.0,95.0,91.5,92.9,92.2,93.89275899189462,95.06308573961499,94.47792236575481,93.83346152356079,94.97010801895676,94.40243181347444,94.40243181347444,-2.2024318134744334
485.0,95.0,91.5,92.9,92.2,93.89275899189462,95.06308573961499,94.47792236575481,93.83673535328916,94.97482199112608,94.4064163559196,94.4064163559196,-2.2064163559196004
486.0,95.0,91.5,92.9,92.2,93.89275899189462,95.06308573961499,94.47792236575481,93.83982843396716,94.97929696481859,94.41019058623937,94.41019058623937,-2.2101905862393636
487.0,95.0,91.5,92.9,92.2,93.89275899189462,95.06308573961499,94.47792236575481,93.84275074480017,94.98354505726154,94.41376560512866,94.41376560512866,-2.213765605128657
488.0,95.0,91.5,92.9,92.2,93.89275899189462,95.06308573961499,94.47792236575481,93.84551171403885,94.9875777713385,94.41715192736551,94.41715192736551,-2.2171519273655065
489.0,95.0,91.5,92.9,92.2,93.89275899189462,95.06308573961499,94.47792236575481,93.84812024939752,94.99140602673663,94.42035951273691,94.42035951273691,-2.2203595127369056
490.0,95.0,91.5,92.9,92.2,93.89275899189462,95.06308573961499,94.47792236575481,93.85058476679312,94.99504018951477,94.42339779533236,94.42339779533236,-2.2233977953323603
491.0,95.0,91.5,92.9,92.2,93.89275899189462,95.06308573961499,94.47792236575481,93.85291321749747,94.99849010017236,94.42627571129124,94.42627571129124,-2.226275711291237
492.0,95.0,91.5,92.9,92.2,93.89275899189462,95.06308573961499,94.47792236575481,93.85511311379047,95.00176510029536,94.42900172508561,94.42900172508561,-2.2290017250856096
493.0,95.0,91.5,92.9,92.2,93.89275899189462,95.06308573961499,94.47792236575481,93.85719155319691,95.00487405785111,94.43158385441575,94.43158385441575,-2.231583854415746
494.0,95.0,91.5,92.9,92.2,93.89275899189462,95.06308573961499,94.47792236575481,93.85915524138534,95.00782539120088,94.43402969379166,94.43402969379166,-2.234029693791655
495.0,95.0,91.5,92.9,92.2,93.89275899189462,95.06308573961499,94.47792236575481,93.86101051380241,95.01062709189483,94.43634643686991,94.43634643686991,-2.2363464368699084
496.0,95.0,91.5,92.9,92.2,93.89275899189462,95.06308573961499,94.47792236575481,93.86276335611304,95.01328674631141,94.43854089761149,94.43854089761149,-2.238540897611486
497.0,95.0,91.4,92.8,92.1,93.89275899189462,95.06308573961499,94.47792236575481,93.8644194235119,95.01581155619952,94.44061953032286,94.44061953032286,-2.3406195303228685
498.0,95.0,90.9,92.7,91.80000000000001,93.89275899189462,95.06308573961499,94.47792236575481,93.86598405896882,95.01820835817928,94.44258844863931,94.44258844863931,-2.6425884486393016
499.0,75.0,89.7,92.1,90.9,75.7445193768997,76.60557560790274,76.17504749240123,92.86549295092209,94.08468753476001,93.47839107413186,93.47839107413186,-2.578391074131858
500.0,75.0,88.2,91.2,89.7,75.7445193768997,76.60557560790274,76.17504749240123,91.92023923537327,93.1984962344772,92.56508596691064,92.56508596691064,-2.865085966910641
501.0,75.0,86.6,90.0,88.3,75.7445193768997,76.60557560790274,76.17504749240123,91.02717324051078,92.35723484962622,91.69998693124643,91.69998693124643,-3.3999869312464313
502.0,75.0,85.6,88.9,87.25,75.7445193768997,76.60557560790274,76.17504749240123,90.18341366775239,91.55862543265773,90.88054955419706,90.88054955419706,-3.63054955419706
503.0,75.0,85.0,87.9,86.45,75.7445193768997,76.60557560790274,76.17504749240123,89.38623829581246,90.80050552800559,90.10436372202814,90.10436372202814,-3.654363722028137
504.0,75.0,84.7,87.2,85.95,75.7445193768997,76.60557560790274,76.17504749240123,88.63307519800007,90.08082231664115,89.36914653163208,89.36914653163208,-3.41914653163208
505.0,75.0,84.5,86.5,85.5,75.7445193768997,76.60557560790274,76.17504749240123,87.92149444441264,89.39762705749874,88.67273557609658,88.67273557609658,-3.172735576096585
506.0,75.0,84.3,86.1,85.19999999999999,75.7445193768997,76.60557560790274,76.17504749240123,87.24920026225372,88.74906981072102,88.01308258467427,88.01308258467427,-2.8130825846742766
507.0,75.0,84.1,85.7,84.9,75.7445193768997,76.60557560790274,76.17504749240123,86.61402362898184,88.1333944284359,87.38824739844746,87.38824739844746,-2.488247398447456
508.0,75.0,83.9,85.3,84.6,75.7445193768997,76.60557560790274,76.17504749240123,86.01391527439367,87.5489337995011,86.79639226396945,86.79639226396945,-2.1963922639694573
509.0,75.0,83.7,85.1,84.4,75.7445193768997,76.60557560790274,76.17504749240123,85.44693906906404,86.9941053353403,86.2357764280987,86.2357764280987,-1.835776428098697
510.0,75.0,83.6,84.8,84.19999999999999,75.7445193768997,76.60557560790274,76.17504749240123,84.9112657778122,86.46740668464747,85.70475101812868,85.70475101812868,-1.5047510181286867
511.0,75.0,83.4,84.5,83.95,75.7445193768997,76.60557560790274,76.17504749240123,84.40516715804075,85.96741166535583,85.20175419215451,85.20175419215451,-1.2517541921545075
512.0,75.0,83.3,84.4,83.85,75.7445193768997,76.60557560790274,76.17504749240123,83.92701038390703,85.49276640285589,84.72530654541316,84.72530654541316,-0.8753065454131672
513.0,75.0,83.2,84.2,83.7,75.7445193768997,76.60557560790274,76.17504749240123,83.47525277833756,85.04218566400614,84.27400675908602,84.27400675908602,-0.5740067590860178
514.0,75.0,83.1,84.1,83.6,75.7445193768997,76.60557560790274,76.17504749240123,83.0484368358894,84.61444937700924,83.84652747876649,83.84652747876649,-0.24652747876649528
515.0,75.0,83.0,84.0,83.5,75.7445193768997,76.60557560790274,76.17504749240123,82.6451855204007,84.2083993277307,83.44161141047029,83.44161141047029,0.05838858952971293
516.0,75.0,82.9,83.9,83.4,75.7445193768997,76.60557560790274,76.17504749240123,82.26419782225932,83.82293602351427,83.05806762270612,83.05806762270612,0.3419323772938867
517.0,75.0,82.9,83.8,83.35,75.7445193768997,76.60557560790274,76.17504749240123,81.90424456095586,83.4570157160018,82.69476804373046,82.69476804373046,0.6552319562695317
518.0,75.0,82.8,83.8,83.3,75.7445193768997,76.60557560790274,76.17504749240123,81.56416441937891,83.10964757489639,82.35064414368429,82.35064414368429,0.9493558563157052
519.0,75.0,82.7,83.7,83.2,75.7445193768997,76.60557560790274,76.17504749240123,81.24286019705796,82.77989100501559,82.0246837918532,82.0246837918532,1.1753162081467963
520.0,75.0,82.7,83.7,83.2,75.7445193768997,76.60557560790274,76.17504749240123,80.93929527026583,82.46685309937027,81.71592827980773,81.71592827980773,1.4840717201922757
521.0,75.0,82.6,83.6,83.1,75.7445193768997,76.60557560790274,76.17504749240123,80.65249024755975,82.16968622137226,81.42346950166815,81.42346950166815,1.676530498331843
522.0,75.0,82.6,83.6,83.1,75.7445193768997,76.60557560790274,76.17504749240123,80.3815198099711,81.8875857096242,81.14644728320069,81.14644728320069,1.953552716799308
523.0,75.0,82.6,83.6,83.1,75.7445193768997,76.60557560790274,76.17504749240123,80.12550972564898,81.6197876990766,80.88404685188928,80.88404685188928,2.2159531481107138
524.0,75.0,82.5,83.5,83.0,75.7445193768997,76.60557560790274,76.17504749240123,79.88363402932632,81.36556705265214,80.63549644054204,80.63549644054204,2.364503559457958
525.0,75.0,82.5,83.5,83.0,75.7445193768997,76.60557560790274,76.17504749240123,79.65511235750823,81.12423539773688,80.40006501738416,80.40006501738416,2.599934982615835
526.0,75.0,82.4,83.5,82.95,75.7445193768997,76.60557560790274,76.17504749240123,79.4392074307856,80.89513926222122,80.17706013596111,80.17706013596111,2.7729398640388894
527.0,75.0,82.4,83.5,82.95,75.7445193768997,76.60557560790274,76.17504749240123,79.23522267515065,80.67765830504368,79.96582589852817,79.96582589852817,2.9841741014718366
528.0,75.0,82.3,83.5,82.9,75.7445193768997,76.60557560790274,76.17504749240123,79.0424999746404,80.47120363644615,79.76574102693635,79.76574102693635,3.134258973063652
529.0,75.0,82.3,83.4,82.85,75.7445193768997,76.60557560790274,76.17504749240123,78.86041754805736,80.27521622339223,79.5762170353409,79.5762170353409,3.273782964659091
530.0,75.0,82.3,83.4,82.85,75.7445193768997,76.60557560790274,76.17504749240123,78.68838794291695,80.0891653758309,79.3966964993578,79.3966964993578,3.4533035006421926
531.0,75.0,82.3,83.4,82.85,75.7445193768997,76.60557560790274,76.17504749240123,78.52585614014977,79.91254730970658,79.22665141657772,79.22665141657772,3.6233485834222705
532.0,75.0,82.3,83.4,82.85,75.7445193768997,76.60557560790274,76.17504749240123,78.37229776344368,79.7448837828247,79.0655816536153,79.0655816536153,3.7844183463846974
533.0,75.0,82.3,83.4,82.85,75.7445193768997,76.60557560790274,76.17504749240123,78.22721738744869,79.58572079987887,78.91301347512628,78.91301347512628,3.936986524873717
534.0,75.0,82.2,83.4,82.80000000000001,75.7445193768997,76.60557560790274,76.17504749240123,78.09014693938622,79.4346273831332,78.76849815046609,78.76849815046609,4.0315018495339245
535.0,75.0,82.2,83.4,82.80000000000001,75.7445193768997,76.60557560790274,76.17504749240123,77.96064418890606,79.29119440543103,78.63161063389168,78.63161063389168,4.168389366108329
536.0,75.0,82.2,83.4,82.80000000000001,75.7445193768997,76.60557560790274,76.17504749240123,77.8382913213187,79.15503348237013,78.50194831442509,78.50194831442509,4.298051685574919
537.0,75.0,82.2,83.4,82.80000000000001,75.7445193768997,76.60557560790274,76.17504749240123,77.72269358959994,79.02577592064475,78.37912983170159,78.37912983170159,4.420870168298421
538.0,75.0,82.2,83.4,82.80000000000001,75.7445193768997,76.60557560790274,76.17504749240123,77.61347804081859,78.90307171970659,78.2627939543198,78.2627939543198,4.5372060456802075
539.0,75.0,82.2,83.4,82.80000000000001,75.7445193768997,76.60557560790274,76.17504749240123,77.51029231287862,78.78658862404166,78.15259851739474,78.15259851739474,4.647401482605275
540.0,75.0,82.2,83.4,82.80000000000001,75.7445193768997,76.60557560790274,76.17504749240123,77.41280349769336,78.67601122349672,78.04821941618889,78.04821941618889,4.751780583811126
541.0,75.0,82.2,83.3,82.75,75.7445193768997,76.60557560790274,76.17504749240123,77.32069706712424,78.57104009921918,77.94934965286147,77.94934965286147,4.800650347138529
542.0,75.0,82.1,83.3,82.69999999999999,75.7445193768997,76.60557560790274,76.17504749240123,77.23367585821879,78.47139101289785,77.85569843353223,77.85569843353223,4.844301566467763
543.0,75.0,82.1,83.3,82.69999999999999,75.7445193768997,76.60557560790274,76.17504749240123,77.15145911447378,78.37679413710923,77.7669903130039,77.7669903130039,4.933009686996087
544.0,75.0,82.1,83.3,82.69999999999999,75.7445193768997,76.60557560790274,76.17504749240123,77.0737815800307,78.28699332468518,77.6829643846281,77.6829643846281,5.017035615371896
545.0,75.0,82.1,83.3,82.69999999999999,75.7445193768997,76.60557560790274,76.17504749240123,77.00039264388079,78.20174541512381,77.60337351293148,77.60337351293148,5.096626487068505
546.0,75.0,82.1,83.3,82.69999999999999,75.7445193768997,76.60557560790274,76.17504749240123,76.93105553131883,78.12081957616515,77.52798360674569,77.52798360674569,5.172016393254296
547.0,75.0,82.1,83.3,82.69999999999999,75.7445193768997,76.60557560790274,76.17504749240123,76.86554654003697,78.04399667874912,77.45657293070275,77.45657293070275,5.2434270692972405
548.0,75.0,82.1,83.3,82.69999999999999,75.7445193768997,76.60557560790274,76.17504749240123,76.80365431839401,77.97106870366311,77.3889314530712,77.3889314530712,5.311068546928794
549.0,75.0,82.1,83.3,82.69999999999999,75.7445193768997,76.60557560790274,76.17504749240123,76.74517918353169,77.90183817827241,77.32486022801477,77.32486022801477,5.375139771985218
550.0,75.0,82.1,83.3,82.69999999999999,75.7445193768997,76.60557560790274,76.17504749240123,76.68993247713793,77.83611764180861,77.26417081045662,77.26417081045662,5.4358291895433695
551.0,75.0,82.1,83.3,82.69999999999999,75.7445193768997,76.60557560790274,76.17504749240123,76.63773595677856,77.77372913776773,77.20668470182824,77.20668470182824,5.493315298171751
552.0,75.0,82.1,83.3,82.69999999999999,75.7445193768997,76.60557560790274,76.17504749240123,76.58842122083378,77.71450373204387,77.15223282507282,77.15223282507282,5.5477671749271735
553.0,75.0,82.1,83.3,82.69999999999999,75.7445193768997,76.60557560790274,76.17504749240123,76.54182916518413,77.65828105549342,77.10065502735902,77.10065502735902,5.599344972640964
554.0,75.0,82.1,83.3,82.69999999999999,75.7445193768997,76.60557560790274,76.17504749240123,76.4978094698928,77.60490886969136,77.05179960904253,77.05179960904253,5.648200390957456
555.0,75.0,82.1,83.3,82.69999999999999,75.7445193768997,76.60557560790274,76.17504749240123,76.45622011422857,77.55424265470366,77.00552287748985,77.00552287748985,5.694477122510136
556.0,75.0,82.1,83.3,82.69999999999999,75.7445193768997,76.60557560790274,76.17504749240123,76.4169269184643,77.50614521775961,76.9616887244523,76.9616887244523,5.738311275547687
557.0,75.0,82.1,83.3,82.69999999999999,75.7445193768997,76.60557560790274,76.17504749240123,76.37980311097292,77.46048632176456,76.92016822574698,76.92016822574698,5.779831774253012
558.0,75.0,82.1,83.3,82.69999999999999,75.7445193768997,76.60557560790274,76.17504749240123,76.34472891922417,77.41714233264697,76.8808392620674,76.8808392620674,5.819160737932592
559.0,75.0,82.1,83.3,82.69999999999999,75.7445193768997,76.60557560790274,76.17504749240123,76.31159118336252,77.37599588458502,76.84358615980851,76.84358615980851,5.856413840191479
560.0,75.0,82.1,83.3,82.69999999999999,75.7445193768997,76.60557560790274,76.17504749240123,76.28028299111958,77.33693556220628,76.80829935084965,76.80829935084965,5.891700649150337
561.0,75.0,82.1,83.3,82.69999999999999,75.7445193768997,76.60557560790274,76.17504749240123,76.25070333288299,77.29985559889973,76.77487505029488,76.77487505029488,5.925124949705108
562.0,75.0,82.1,83.3,82.69999999999999,75.7445193768997,76.60557560790274,76.17504749240123,76.22275677580926,77.26465559042352,76.74321495122277,76.74321495122277,5.9567850487772205
563.0,75.0,82.1,83.3,82.69999999999999,75.7445193768997,76.60557560790274,76.17504749240123,76.19635315592869,77.23124022303274,76.713225935548,76.713225935548,5.986774064451993
564.0,75.0,82.1,83.3,82.69999999999999,75.7445193768997,76.60557560790274,76.17504749240123,76.1714072872495,77.19951901539112,76.68481980014413,76.68481980014413,6.0151801998558625
565.0,75.0,81.8,83.2,82.5,75.7445193768997,76.60557560790274,76.17504749240123,76.14783868692216,77.16940607356781,76.6579129974223,76.6579129974223,5.842087002577699
566.0,65.0,80.9,82.8,81.85,66.67039956940224,67.3768205420466,67.02361005572442,75.62458663580537,76.67292180470888,76.14939520491546,76.14939520491546,5.70060479508453
567.0,65.0,79.5,82.0,80.75,66.67039956940224,67.3768205420466,67.02361005572442,75.13022347604446,76.20160929752932,75.66771799930535,75.66771799930535,5.082282000694647
568.0,65.0,77.9,81.0,79.45,66.67039956940224,67.3768205420466,67.02361005572442,74.6631542439083,75.7541923432431,75.21146468069361,75.21146468069361,4.2385353193063935
569.0,65.0,76.7,79.8,78.25,66.67039956940224,67.3768205420466,67.02361005572442,74.22187203405718,75.32945943687344,74.77929332543805,74.77929332543805,3.470706674561953
570.0,65.0,75.9,78.8,77.35,66.67039956940224,67.3768205420466,67.02361005572442,73.8049531378146,74.92626049676839,74.36993283931221,74.36993283931221,2.9800671606877813
571.0,65.0,75.4,78.0,76.7,66.67039956940224,67.3768205420466,67.02361005572442,73.41105244985627,74.54350375043725,73.98217921898704,73.98217921898704,2.7178207810129607
572.0,65.0,75.1,77.4,76.25,66.67039956940224,67.3768205420466,67.02361005572442,73.03889912849716,74.18015277827487,73.61489201083901,73.61489201083901,2.6351079891609857
573.0,65.0,74.9,77.0,75.95,66.67039956940224,67.3768205420466,67.02361005572442,72.68729249557535,73.83522370716943,73.26699095666952,73.26699095666952,2.683009043330486
574.0,65.0,74.7,76.6,75.65,66.67039956940224,67.3768205420466,67.02361005572442,72.35509816270434,73.50778254639418,72.93745281646979,72.93745281646979,2.7125471835302193
575.0,65.0,74.5,76.1,75.3,66.67039956940224,67.3768205420466,67.02361005572442,72.04124437139616,73.19694265856963,72.62530835888677,72.62530835888677,2.6746916411132275
576.0,65.0,74.3,75.7,75.0,66.67039956940224,67.3768205420466,67.02361005572442,71.74471853524723,72.90186235884792,72.32963951053816,72.32963951053816,2.6703604894618422
577.0,65.0,74.2,75.3,74.75,66.67039956940224,67.3768205420466,67.02361005572442,71.46456397303106,72.6217426358187,72.04957665579232,72.04957665579232,2.700423344207678
578.0,65.0,74.1,75.0,74.55,66.67039956940224,67.3768205420466,67.02361005572442,71.19987682215793,72.35582498796498,71.7842960790712,71.7842960790712,2.7657039209288
579.0,65.0,74.0,74.9,74.45,66.67039956940224,67.3768205420466,67.02361005572442,70.94980312254324,72.1033893698108,71.53301754215363,71.53301754215363,2.9169824578463732
580.0,65.0,73.9,74.9,74.4,66.67039956940224,67.3768205420466,67.02361005572442,70.71353606147629,71.86375224219927,71.29500198935344,71.29500198935344,3.104998010646568
581.0,65.0,73.7,74.8,74.25,66.67039956940224,67.3768205420466,67.02361005572442,70.49031337060065,71.63626472142147,71.06954937382278,71.06954937382278,3.180450626177219
582.0,65.0,73.6,74.7,74.15,66.67039956940224,67.3768205420466,67.02361005572442,70.279414866608,71.42031082218462,70.85599659858761,70.85599659858761,3.2940034014123967
583.0,65.0,73.5,74.5,74.0,66.67039956940224,67.3768205420466,67.02361005572442,70.08016012771088,71.21530578966174,70.65371556625936,70.65371556625936,3.3462844337406352
584.0,65.0,73.4,74.3,73.85,66.67039956940224,67.3768205420466,67.02361005572442,69.89190629839808,71.02069451610649,70.46211133168681,70.46211133168681,3.387888668313181
585.0,65.0,73.4,74.1,73.75,66.67039956940224,67.3768205420466,67.02361005572442,69.71404601539004,70.8359500377456,70.28062035211458,70.28062035211458,3.469379647885418
586.0,65.0,73.4,74.1,73.75,66.67039956940224,67.3768205420466,67.02361005572442,69.5460054481029,70.66057210787893,70.10870882970188,70.10870882970188,3.6412911702981177
587.0,65.0,73.3,74.1,73.69999999999999,66.67039956940224,67.3768205420466,67.02361005572442,69.38724244729902,70.49408584232334,69.94587114152637,69.94587114152637,3.7541288584736208
588.0,65.0,73.3,74.2,73.75,66.67039956940224,67.3768205420466,67.02361005572442,69.23724479595103,70.33604043353263,69.79162835245555,69.79162835245555,3.9583716475444533
589.0,65.0,73.2,74.3,73.75,66.67039956940224,67.3768205420466,67.02361005572442,69.09552855667621,70.1860079299116,69.64552680651182,69.64552680651182,4.104473193488175
590.0,65.0,73.1,74.2,73.65,66.67039956940224,67.3768205420466,67.02361005572442,68.9616365104094,70.04358207701887,69.50713679258808,69.50713679258808,4.142863207411921
591.0,65.0,73.1,74.1,73.6,66.67039956940224,67.3768205420466,67.02361005572442,68.83513668127726,69.90837721752084,69.37605128058954,69.37605128058954,4.223948719410458
592.0,65.0,73.1,73.9,73.5,66.67039956940224,67.3768205420466,67.02361005572442,68.71562094291464,69.78002724691787,69.25188472428447,69.25188472428447,4.248115275715534
593.0,65.0,73.1,73.8,73.44999999999999,66.67039956940224,67.3768205420466,67.02361005572442,68.60270370172657,69.6581846222153,69.13427192734294,69.13427192734294,4.315728072657052
594.0,65.0,73.1,73.7,73.4,66.67039956940224,67.3768205420466,67.02361005572442,68.49602065284778,69.54251942085477,69.02286696922828,69.02286696922828,4.377133030771731
595.0,65.0,73.1,73.7,73.4,66.67039956940224,67.3768205420466,67.02361005572442,68.39522760478599,69.43271844735777,68.91734218778208,68.91734218778208,4.482657812217923
596.0,65.0,73.0,73.8,73.4,66.67039956940224,67.3768205420466,67.02361005572442,68.29999936895697,69.32848438526237,68.81738721551052,68.81738721551052,4.582612784489484
597.0,65.0,73.0,73.9,73.45,66.67039956940224,67.3768205420466,67.02361005572442,68.21002871052877,69.22953499205683,68.72270806673727,68.72270806673727,4.727291933262734
598.0,65.0,72.9,74.0,73.45,66.67039956940224,67.3768205420466,67.02361005572442,68.12502535718997,69.13560233492998,68.63302627293842,68.63302627293842,4.81697372706158
599.0,65.0,72.9,74.0,73.45,66.67039956940224,67.3768205420466,67.02361005572442,68.04471506264423,69.04643206526919,68.54807806371612,68.54807806371612,4.901921936283884
600.0,65.0,72.9,73.9,73.4,66.67039956940224,67.3768205420466,67.02361005572442,67.96883872180959,68.9617827299412,68.46761359100206,68.46761359100206,4.932386408997942
601.0,65.0,72.9,73.8,73.35,66.67039956940224,67.3768205420466,67.02361005572442,67.89715153486776,68.88142511749116,68.39139619420905,68.39139619420905,4.958603805790943
602.0,65.0,72.9,73.6,73.25,66.67039956940224,67.3768205420466,67.02361005572442,67.82942221746653,68.80514163748919,68.31920170416937,68.31920170416937,4.930798295830627
603.0,65.0,72.9,73.6,73.25,66.67039956940224,67.3768205420466,67.02361005572442,67.76543225452714,68.73272573134427,68.25081778381266,68.25081778381266,4.999182216187336
604.0,65.0,72.9,73.6,73.25,66.67039956940224,67.3768205420466,67.02361005572442,67.70497519524915,68.66398131298983,68.18604330364411,68.18604330364411,5.063956696355888
605.0,65.0,72.8,73.7,73.25,66.67039956940224,67.3768205420466,67.02361005572442,67.64785598703824,68.5987222379265,68.12468775018624,68.12468775018624,5.12531224981376
606.0,65.0,72.8,73.8,73.3,66.67039956940224,67.3768205420466,67.02361005572442,67.59389034620813,68.53677179918448,68.0665706656442,68.0665706656442,5.23342933435579
607.0,65.0,72.8,73.9,73.35,66.67039956940224,67.3768205420466,67.02361005572442,67.54290416342613,68.47796224884067,68.01152111714677,68.01152111714677,5.338478882853224
608.0,65.0,72.7,73.9,73.30000000000001,66.67039956940224,67.3768205420466,67.02361005572442,67.49473294198427,68.42213434379475,67.95937719400176,67.95937719400176,5.340622805998251
609.0,65.0,72.7,73.8,73.25,66.67039956940224,67.3768205420466,67.02361005572442,67.44922126708359,68.3691369145746,67.90998553148742,67.90998553148742,5.340014468512578
610.0,65.0,72.7,73.7,73.2,66.67039956940224,67.3768205420466,67.02361005572442,67.40622230441943,68.31882645600311,67.86320085977896,67.86320085977896,5.336799140221046
611.0,65.0,72.7,73.5,73.1,66.67039956940224,67.3768205420466,67.02361005572442,67.36559732644997,68.27106673861836,67.8188855766837,67.8188855766837,5.281114423316296
612.0,65.0,72.7,73.5,73.1,66.67039956940224,67.3768205420466,67.02361005572442,67.32721526481957,68.22572843979465,67.7769093429281,67.7769093429281,5.323090657071887
613.0,65.0,72.8,73.5,73.15,66.67039956940224,67.3768205420466,67.02361005572442,67.29095228749297,68.18268879356584,67.73714869880638,67.73714869880638,5.412851301193626
614.0,65.0,72.8,73.6,73.19999999999999,66.67039956940224,67.3768205420466,67.02361005572442,67.25669139923606,68.14183125820256,67.6994867010631,67.6994867010631,5.500513298936895
615.0,65.0,72.7,73.8,73.25,66.67039956940224,67.3768205420466,67.02361005572442,67.22432206415414,68.10304520064327,67.66381257894191,67.66381257894191,5.586187421058085
616.0,65.0,72.7,73.9,73.30000000000001,66.67039956940224,67.3768205420466,67.02361005572442,67.19373984907001,68.06622559692471,67.63002140838874,67.63002140838874,5.669978591611269
617.0,65.0,72.7,73.9,73.30000000000001,66.67039956940224,67.3768205420466,67.02361005572442,67.16484608659128,68.03127274780054,67.59801380345105,67.59801380345105,5.701986196548958
618.0,65.0,72.7,73.8,73.25,66.67039956940224,67.3768205420466,67.02361005572442,67.13754755677974,67.99809200877804,67.5676956239658,67.5676956239658,5.682304376034196
619.0,65.0,72.7,73.6,73.15,66.67039956940224,67.3768205420466,67.02361005572442,67.11175618639588,67.96659353384206,67.53897769867622,67.53897769867622,5.611022301323786
620.0,65.0,72.7,73.5,73.1,66.67039956940224,67.3768205420466,67.02361005572442,67.0873887647483,67.93669203217206,67.5117755629629,67.5117755629629,5.588224437037098
621.0,65.0,72.7,73.4,73.05000000000001,66.67039956940224,67.3768205420466,67.02361005572442,67.06436667523099,67.90830653719372,67.48600921041813,67.48600921041813,5.563990789581879
622.0,65.0,72.7,73.5,73.1,66.67039956940224,67.3768205420466,67.02361005572442,67.04261564168266,67.88136018733954,67.46160285753253,67.46160285753253,5.638397142467468
623.0,65.0,72.7,73.6,73.15,66.67039956940224,67.3768205420466,67.02361005572442,67.02206548874953,67.8557800179249,67.43848472080201,67.43848472080201,5.711515279197997
624.0,65.0,72.7,73.8,73.25,66.67039956940224,67.3768205420466,67.02361005572442,67.00264991547867,67.83149676357608,67.41658680559954,67.41658680559954,5.833413194400464
625.0,65.0,72.7,73.8,73.25,66.67039956940224,67.3768205420466,67.02361005572442,66.98430628141118,67.80844467067509,67.39584470619054,67.39584470619054,5.854155293809455
626.0,65.0,72.6,73.8,73.19999999999999,66.67039956940224,67.3768205420466,67.02361005572442,66.96697540448532,67.78656131931356,67.37619741630408,67.37619741630408,5.823802583695908
627.0,65.0,72.6,73.7,73.15,66.67039956940224,67.3768205420466,67.02361005572442,66.95060137009749,67.7657874542737,67.35758714970225,67.35758714970225,5.792412850297751
628.0,65.0,72.6,73.5,73.05,66.67039956940224,67.3768205420466,67.02361005572442,66.93513135070486,67.74606682457834,67.33995917022048,67.33995917022048,5.7100408297795155
629.0,65.0,72.6,73.4,73.0,66.67039956940224,67.3768205420466,67.02361005572442,66.920515435388,67.72734603117587,67.3232616307785,67.3232616307785,5.676738369221496
630.0,65.0,72.7,73.4,73.05000000000001,66.67039956940224,67.3768205420466,67.02361005572442,66.90670646882319,67.70957438234763,67.30744542088871,67.30744542088871,5.7425545791112995
631.0,65.0,72.7,73.5,73.1,66.67039956940224,67.3768205420466,67.02361005572442,66.89365989914526,67.69270375644601,67.29246402221335,67.29246402221335,5.807535977786642
632.0,65.0,72.7,73.6,73.15,66.67039956940224,67.3768205420466,67.02361005572442,66.88133363420992,67.67668847159186,67.27827337174564,67.27827337174564,5.871726628254365
633.0,65.0,72.6,73.7,73.15,66.67039956940224,67.3768205420466,67.02361005572442,66.86968790579189,67.66148516197815,67.26483173221249,67.26483173221249,5.88516826778752
634.0,65.0,72.6,73.8,73.19999999999999,66.67039956940224,67.3768205420466,67.02361005572442,66.85868514128067,67.64705266044504,67.25209956931758,67.25209956931758,5.9479004306824095
635.0,65.0,72.6,73.8,73.19999999999999,66.67039956940224,67.3768205420466,67.02361005572442,66.84828984246003,67.6333518870085,67.24003943546394,67.24003943546394,5.959960564536047
636.0,65.0,72.6,73.6,73.1,66.67039956940224,67.3768205420466,67.02361005572442,66.83846847098015,67.62034574304042,67.2286158596137,67.2286158596137,5.871384140386297
637.0,65.0,72.6,73.5,73.05,66.67039956940224,67.3768205420466,67.02361005572442,66.82918934015281,67.60799901081378,67.21779524296133,67.21779524296133,5.832204757038667
638.0,65.0,72.6,73.4,73.0,66.67039956940224,67.3768205420466,67.02361005572442,66.8204225127207,67.59627825814103,67.20754576011355,67.20754576011355,5.792454239886453
639.0,65.0,72.6,73.4,73.0,66.67039956940224,67.3768205420466,67.02361005572442,66.8121397042708,67.5851517478471,67.197837265485,67.197837265485,5.802162734514994
640.0,65.0,72.7,73.5,73.1,66.67039956940224,67.3768205420466,67.02361005572442,66.80431419198042,67.57458935183234,67.1886412046347,67.1886412046347,5.911358795365288
641.0,65.0,72.6,73.6,73.1,66.67039956940224,67.3768205420466,67.02361005572442,66.79692072840132,67.56456246949227,67.17993053028218,67.17993053028218,5.9200694697178164
642.0,65.0,72.6,73.7,73.15,66.67039956940224,67.3768205420466,67.02361005572442,66.78993546000392,67.55504395027363,67.17167962275656,67.17167962275656,5.978320377243449
643.0,65.0,72.6,73.8,73.19999999999999,66.67039956940224,67.3768205420466,67.02361005572442,66.78333585021863,67.54600802015668,67.16386421464449,67.16386421464449,6.036135785355498
644.0,65.0,72.6,73.8,73.19999999999999,66.67039956940224,67.3768205420466,67.02361005572442,66.77710060672618,67.53743021186497,67.15646131941527,67.15646131941527,6.043538680584717
645.0,65.0,72.6,73.6,73.1,66.67039956940224,67.3768205420466,67.02361005572442,66.77120961276212,67.52928729861344,67.14944916381329,67.14944916381329,5.950550836186707
646.0,65.0,72.6,73.5,73.05,66.67039956940224,67.3768205420466,67.02361005572442,66.7656438622142,67.52155723121544,67.14280712381894,67.14280712381894,5.907192876181057
647.0,65.0,72.6,73.4,73.0,66.67039956940224,67.3768205420466,67.02361005572442,66.7603853983029,67.5142190783785,67.13651566398967,67.13651566398967,5.86348433601033
648.0,65.0,72.6,73.3,72.94999999999999,66.67039956940224,67.3768205420466,67.02361005572442,66.7554172556475,67.5072529700271,67.13055628000266,67.13055628000266,5.819443719997324
649.0,65.0,72.6,73.4,73.0,66.67039956940224,67.3768205420466,67.02361005572442,66.75072340553066,67.50064004349886,67.12491144423032,67.12491144423032,5.875088555769679
650.0,65.0,72.6,73.5,73.05,66.67039956940224,67.3768205420466,67.02361005572442,66.74628870418502,67.49436239246879,67.11956455418829,67.11956455418829,5.93043544581171
651.0,65.0,72.6,73.7,73.15,66.67039956940224,67.3768205420466,67.02361005572442,66.74209884393478,67.48840301846288,67.11449988370458,67.11449988370458,6.035500116295424
652.0,65.0,72.6,73.7,73.15,66.67039956940224,67.3768205420466,67.02361005572442,66.73814030703494,67.48274578483007,67.10970253666603,67.10970253666603,6.040297463333971
653.0,65.0,72.4,73.7,73.05000000000001,66.67039956940224,67.3768205420466,67.02361005572442,66.73440032205895,67.47737537304783,67.10515840320616,67.10515840320616,5.94484159679385
654.0,55.0,71.7,73.4,72.55000000000001,57.59627976190477,58.14806547619048,57.87217261904763,66.22988214292192,67.00437918749599,66.61782293351831,66.61782293351831,5.9321770664816995
655.0,55.0,70.6,72.6,71.6,57.59627976190477,58.14806547619048,57.87217261904763,65.7532185528554,66.55536391736233,66.15621000533197,66.15621000533197,5.443789994668023
656.0,55.0,69.0,71.6,70.3,57.59627976190477,58.14806547619048,57.87217261904763,65.30287169224525,66.12911372978846,65.71896193142253,65.71896193142253,4.58103806857747
657.0,55.0,67.7,70.4,69.05000000000001,57.59627976190477,58.14806547619048,57.87217261904763,64.8773886071346,65.72447443466453,65.30479268601452,65.30479268601452,3.745207313985489
658.0,55.0,66.8,69.4,68.1,57.59627976190477,58.14806547619048,57.87217261904763,64.47539656155891,65.34035035934077,64.91248412234692,64.91248412234692,3.1875158776530697
659.0,55.0,66.2,68.5,67.35,57.59627976190477,58.14806547619048,57.87217261904763,64.09559860868819,64.97570138179118,64.5408823898829,64.5408823898829,2.8091176101170987
660.0,55.0,65.8,67.8,66.8,57.59627976190477,58.14806547619048,57.87217261904763,63.736769406487916,64.62954011419583,64.18889454062638,64.18889454062638,2.6111054593736185
661.0,55.0,65.6,67.2,66.4,57.59627976190477,58.14806547619048,57.87217261904763,63.39775126439826,64.30092922931567,63.85548531456413,63.85548531456413,2.544514685435878
662.0,55.0,65.4,66.8,66.1,57.59627976190477,58.14806547619048,57.87217261904763,63.07745040827737,63.98897892242012,63.53967409477846,63.53967409477846,2.560325905221532
663.0,55.0,65.2,66.4,65.80000000000001,57.59627976190477,58.14806547619048,57.87217261904763,62.77483345155815,63.692844501894996,63.240532023275364,63.240532023275364,2.5594679767246475
664.0,55.0,65.0,66.1,65.55,57.59627976190477,58.14806547619048,57.87217261904763,62.48892406123346,63.41172410200673,62.95717926904485,62.95717926904485,2.5928207309551468
665.0,55.0,64.8,65.9,65.35,57.59627976190477,58.14806547619048,57.87217261904763,62.21879980791317,63.14485651162935,62.688782440318654,62.688782440318654,2.66121755968134
666.0,55.0,64.7,65.7,65.2,57.59627976190477,58.14806547619048,57.87217261904763,61.96358918979049,62.89151911305517,62.43455213341408,62.43455213341408,2.765447866585923
667.0,55.0,64.6,65.5,65.05,57.59627976190477,58.14806547619048,57.87217261904763,61.7224688209159,62.65102592530772,62.19374061095481,62.19374061095481,2.856259389045185
668.0,55.0,64.5,65.4,64.95,57.59627976190477,58.14806547619048,57.87217261904763,61.4946607747073,62.42272574665884,61.965639602639875,61.965639602639875,2.9843603973601276
669.0,55.0,64.4,65.2,64.80000000000001,57.59627976190477,58.14806547619048,57.87217261904763,61.27943007412566,62.20600039132011,61.74957822209239,61.74957822209239,3.050421777907623
670.0,55.0,64.3,65.1,64.69999999999999,57.59627976190477,58.14806547619048,57.87217261904763,61.07608232041883,62.000263015534095,61.544920993661236,61.544920993661236,3.1550790063387524
671.0,55.0,64.2,65.0,64.6,57.59627976190477,58.14806547619048,57.87217261904763,60.88396145278298,61.80495652853279,61.35106598337209,61.35106598337209,3.2489340166279064
672.0,55.0,64.1,64.9,64.5,57.59627976190477,58.14806547619048,57.87217261904763,60.702447631713845,61.61955208406051,61.16744302853056,61.16744302853056,3.3325569714694367
673.0,55.0,64.1,64.9,64.5,57.59627976190477,58.14806547619048,57.87217261904763,60.53095523921869,61.44354764837659,60.99351206077048,60.99351206077048,3.5064879392295225
674.0,55.0,64.0,64.8,64.4,57.59627976190477,58.14806547619048,57.87217261904763,60.368930989437125,61.27646664086035,60.82876151761497,60.82876151761497,3.5712384823850343
675.0,55.0,64.0,64.7,64.35,57.59627976190477,58.14806547619048,57.87217261904763,60.21585214357508,61.11785664353748,60.672706837878614,60.672706837878614,3.67729316212138
676.0,55.0,63.9,64.7,64.3,57.59627976190477,58.14806547619048,57.87217261904763,60.071224823392775,60.96728817603338,60.524889036485206,60.524889036485206,3.7751109635147913
677.0,55.0,63.9,64.6,64.25,57.59627976190477,58.14806547619048,57.87217261904763,59.934582417805494,60.82435353263644,60.38487335450954,60.38487335450954,3.865126645490463
678.0,55.0,63.8,64.6,64.19999999999999,57.59627976190477,58.14806547619048,57.87217261904763,59.80548407745635,60.688665678322224,60.252247980472646,60.252247980472646,3.947752019527343
679.0,55.0,63.8,64.5,64.15,57.59627976190477,58.14806547619048,57.87217261904763,59.68351329240414,60.55985720074926,60.12662283912968,60.12662283912968,4.023377160870325
680.0,55.0,63.7,64.5,64.1,57.59627976190477,58.14806547619048,57.87217261904763,59.56827654833743,60.437579315388625,60.00762844418795,60.00762844418795,4.0923715558120435
681.0,55.0,63.7,64.5,64.1,57.59627976190477,58.14806547619048,57.87217261904763,59.45940205697941,60.321500921093495,59.89491481158083,59.89491481158083,4.205085188419162
682.0,55.0,63.7,64.4,64.05000000000001,57.59627976190477,58.14806547619048,57.87217261904763,59.35653855658751,60.21130770355137,59.78815043010124,59.78815043010124,4.2618495698987715
683.0,55.0,63.6,64.4,64.0,57.59627976190477,58.14806547619048,57.87217261904763,59.25935417867772,60.106701284191246,59.68702128636711,59.68702128636711,4.312978713632887
684.0,55.0,63.6,64.4,64.0,57.59627976190477,58.14806547619048,57.87217261904763,59.16753537731738,60.00739841224123,59.591229941251214,59.591229941251214,4.408770058748786
685.0,55.0,63.6,64.4,64.0,57.59627976190477,58.14806547619048,57.87217261904763,59.080785917532026,59.91313019774884,59.500494655058766,59.500494655058766,4.499505344941234
686.0,55.0,63.6,64.3,63.95,57.59627976190477,58.14806547619048,57.87217261904763,58.998825919562584,59.82364138348719,59.41454855887999,59.41454855887999,4.53545144112001
687.0,55.0,63.6,64.3,63.95,57.59627976190477,58.14806547619048,57.87217261904763,58.92139095588935,59.73868965377556,59.33313886968031,59.33313886968031,4.616861130319691
688.0,55.0,63.5,64.3,63.9,57.59627976190477,58.14806547619048,57.87217261904763,58.84823119810959,59.65804497834274,59.25602614681966,59.25602614681966,4.643973853180341
689.0,55.0,63.5,64.3,63.9,57.59627976190477,58.14806547619048,57.87217261904763,58.77911061091618,59.58148898945656,59.1829835878142,59.1829835878142,4.717016412185799
690.0,55.0,63.5,64.3,63.9,57.59627976190477,58.14806547619048,57.87217261904763,58.71380619057701,59.508814390632956,59.113796361269145,59.113796361269145,4.7862036387308535
691.0,55.0,63.5,64.3,63.9,57.59627976190477,58.14806547619048,57.87217261904763,58.65210724545807,59.43982439532345,59.04826097502072,59.04826097502072,4.851739024979281
692.0,55.0,63.5,64.2,63.85,57.59627976190477,58.14806547619048,57.87217261904763,58.593814716269094,59.374332194061246,58.98618467762883,58.98618467762883,4.863815322371174
693.0,55.0,63.4,64.2,63.8,57.59627976190477,58.14806547619048,57.87217261904763,58.53874053383864,59.31216044862299,58.92738489146019,58.92738489146019,4.872615108539804
694.0,55.0,63.4,64.2,63.8,57.59627976190477,58.14806547619048,57.87217261904763,58.48670701234654,59.25314081183655,58.87168867569445,58.87168867569445,4.928311324305547
695.0,55.0,63.4,64.2,63.8,57.59627976190477,58.14806547619048,57.87217261904763,58.437546276056224,59.19711347173457,58.818932217673876,58.818932217673876,4.981067782326122
696.0,55.0,63.4,64.2,63.8,57.59627976190477,58.14806547619048,57.87217261904763,58.39109971769724,59.1439267188194,58.7689603511007,58.7689603511007,5.031039648899295
697.0,55.0,63.4,64.2,63.8,57.59627976190477,58.14806547619048,57.87217261904763,58.34721748675068,59.09343653526777,58.72162609966492,58.72162609966492,5.07837390033508
698.0,55.0,63.4,64.2,63.8,57.59627976190477,58.14806547619048,57.87217261904763,58.30575800598649,59.045506204962706,58.67679024476033,58.67679024476033,5.123209755239664
699.0,55.0,63.3,64.2,63.75,57.59627976190477,58.14806547619048,57.87217261904763,58.26658751469289,59.00000594329693,58.63432091601745,58.63432091601745,5.115679083982549
700.0,55.0,63.3,64.2,63.75,57.59627976190477,58.14806547619048,57.87217261904763,58.2295796371242,58.95681254574516,58.5940932034488,58.5940932034488,5.1559067965512
701.0,55.0,63.3,64.2,63.75,57.59627976190477,58.14806547619048,57.87217261904763,58.19461497477486,58.91580905425385,58.55598879006607,58.55598879006607,5.194011209933933
702.0,55.0,63.3,64.2,63.75,57.59627976190477,58.14806547619048,57.87217261904763,58.16158072116399,58.876884440544934,58.5198956038884,58.5198956038884,5.230104396111599
703.0,55.0,63.3,64.2,63.75,57.59627976190477,58.14806547619048,57.87217261904763,58.13037029788796,58.83993330547613,58.4857074883184,58.4857074883184,5.264292511681603
704.0,55.0,63.3,64.1,63.699999999999996,57.59627976190477,58.14806547619048,57.87217261904763,58.10088301076641,58.80485559364362,58.453323889916355,58.453323889916355,5.246676110083641
705.0,55.0,63.3,64.1,63.699999999999996,57.59627976190477,58.14806547619048,57.87217261904763,58.07302372497274,58.77155632245443,58.42264956265437,58.42264956265437,5.277350437345625
706.0,55.0,63.3,64.1,63.699999999999996,57.59627976190477,58.14806547619048,57.87217261904763,58.0467025581006,58.73994532493481,58.39359428778054,58.39359428778054,5.306405712219458
707.0,55.0,63.3,64.1,63.699999999999996,57.59627976190477,58.14806547619048,57.87217261904763,58.021834590176276,58.70993700557826,58.36607260846924,58.36607260846924,5.333927391530757
708.0,55.0,63.3,64.1,63.699999999999996,57.59627976190477,58.14806547619048,57.87217261904763,57.99833958968146,58.68145010857207,58.340003578477166,58.340003578477166,5.35999642152283
709.0,55.0,63.3,64.1,63.699999999999996,57.59627976190477,58.14806547619048,57.87217261904763,57.97614175470229,58.654407497774734,58.315310524065744,58.315310524065744,5.384689475934252
710.0,55.0,63.3,64.1,63.699999999999996,57.59627976190477,58.14806547619048,57.87217261904763,57.95516946836967,58.628735947848554,58.291920818489785,58.291920818489785,5.40807918151021
711.0,55.0,63.3,64.1,63.699999999999996,57.59627976190477,58.14806547619048,57.87217261904763,57.935355067801765,58.604365945981826,58.26976566838908,58.26976566838908,5.430234331610919
712.0,55.0,63.3,64.1,63.699999999999996,57.59627976190477,58.14806547619048,57.87217261904763,57.91663462580328,58.581231503663695,58.24877991145464,58.24877991145464,5.451220088545355
713.0,55.0,63.3,64.1,63.699999999999996,57.59627976190477,58.14806547619048,57.87217261904763,57.898947744617175,58.55926997800203,58.2289018247746,58.2289018247746,5.471098175225393
714.0,55.0,63.3,64.1,63.699999999999996,57.59627976190477,58.14806547619048,57.87217261904763,57.88223736106337,58.538421902100495,58.21007294329591,58.21007294329591,5.489927056704083
715.0,55.0,63.3,64.1,63.699999999999996,57.59627976190477,58.14806547619048,57.87217261904763,57.866449562435825,58.51863082403552,58.19223788786804,58.19223788786804,5.507762112131957
716.0,55.0,63.3,64.1,63.699999999999996,57.59627976190477,58.14806547619048,57.87217261904763,57.85153341256404,58.49984315399709,58.17534420236286,58.17534420236286,5.524655797637138
717.0,55.0,63.3,64.1,63.699999999999996,57.59627976190477,58.14806547619048,57.87217261904763,57.837440787477625,58.48200801917958,58.15934219939168,58.15934219939168,5.540657800608315
718.0,55.0,63.3,64.1,63.699999999999996,57.59627976190477,58.14806547619048,57.87217261904763,57.82412622014402,58.46507712602954,58.14418481416564,58.14418481416564,5.555815185834355
719.0,55.0,63.3,64.1,63.699999999999996,57.59627976190477,58.14806547619048,57.87217261904763,57.81154675377815,58.449004629477585,58.129827466069635,58.129827466069635,5.570172533930361
720.0,55.0,63.3,64.1,63.699999999999996,57.59627976190477,58.14806547619048,57.87217261904763,57.799661803251034,58.433747008800204,58.116227927542646,58.116227927542646,5.58377207245735
721.0,55.0,63.3,64.1,63.699999999999996,57.59627976190477,58.14806547619048,57.87217261904763,57.78843302414993,58.41926294977537,58.10334619987885,58.10334619987885,5.596653800121146
722.0,55.0,63.3,64.1,63.699999999999996,57.59627976190477,58.14806547619048,57.87217261904763,57.777824189067815,58.4055132328129,58.09114439558417,58.09114439558417,5.608855604415822
723.0,55.0,63.3,64.1,63.699999999999996,57.59627976190477,58.14806547619048,57.87217261904763,57.767801070722875,58.39246062675655,58.07958662694232,58.07958662694232,5.620413373057673
724.0,55.0,63.3,64.1,63.699999999999996,57.59627976190477,58.14806547619048,57.87217261904763,57.75833133153105,58.380069788070394,58.06863890046249,58.06863890046249,5.631361099537507
725.0,55.0,63.2,64.1,63.65,57.59627976190477,58.14806547619048,57.87217261904763,57.7493844192753,58.368307165136436,58.05826901689834,58.05826901689834,5.591730983101655
726.0,55.0,63.2,64.1,63.65,57.59627976190477,58.14806547619048,57.87217261904763,57.740931468534995,58.357140907404336,58.048446476544235,58.048446476544235,5.601553523455763
727.0,55.0,63.2,64.1,63.65,57.59627976190477,58.14806547619048,57.87217261904763,57.7329452075574,58.346540779147254,58.03914238953002,58.03914238953002,5.610857610469978
728.0,55.0,63.2,64.1,63.65,57.59627976190477,58.14806547619048,57.87217261904763,57.72539987027084,58.33647807759026,58.03032939085073,58.03032939085073,5.619670609149267
729.0,55.0,63.2,64.1,63.65,57.59627976190477,58.14806547619048,57.87217261904763,57.71827111315563,58.326925555189646,58.02198155988112,58.02198155988112,5.628018440118879
730.0,55.0,63.2,64.1,63.65,57.59627976190477,58.14806547619048,57.87217261904763,57.711535936704585,58.31785734585268,58.01407434413843,58.01407434413843,5.63592565586157
731.0,55.0,63.2,64.1,63.65,57.59627976190477,58.14806547619048,57.87217261904763,57.70517261121971,58.30924889489802,58.006584487069084,58.006584487069084,5.643415512930915
732.0,55.0,63.2,64.1,63.65,57.59627976190477,58.14806547619048,57.87217261904763,57.699160606705675,58.30107689256711,57.99948995964695,57.99948995964695,5.650510040353048
733.0,55.0,63.2,64.1,63.65,57.59627976190477,58.14806547619048,57.87217261904763,57.69348052663392,58.2933192109066,57.99276989558199,57.99276989558199,5.657230104418005
734.0,55.0,63.2,64.1,63.65,57.59627976190477,58.14806547619048,57.87217261904763,57.68811404536361,58.28595484385079,57.98640452994872,57.98640452994872,5.663595470051277
735.0,55.0,63.2,64.1,63.65,57.59627976190477,58.14806547619048,57.87217261904763,57.68304384901766,58.27896385034188,57.980375141053976,57.980375141053976,5.6696248589460225
736.0,55.0,63.2,64.1,63.65,57.59627976190477,58.14806547619048,57.87217261904763,57.678253579622925,58.272327300334105,57.974663995373035,57.974663995373035,5.675336004626963
737.0,55.0,63.2,64.1,63.65,57.59627976190477,58.14806547619048,57.87217261904763,57.67372778233454,58.266027223535346,57.969254295392105,57.969254295392105,5.680745704607894
738.0,55.0,63.2,64.0,63.6,57.59627976190477,58.14806547619048,57.87217261904763,57.66945185557391,58.26004656074763,57.964130130203785,57.964130130203785,5.635869869796217
739.0,55.0,63.2,64.0,63.6,57.59627976190477,58.14806547619048,57.87217261904763,57.66541200391967,58.25436911767466,57.959276428710226,57.959276428710226,5.640723571289776
740.0,55.0,63.2,64.0,63.6,57.59627976190477,58.14806547619048,57.87217261904763,57.661595193599496,58.24897952107125,57.95467891529627,57.95467891529627,5.645321084703731
741.0,55.0,63.2,64.0,63.6,57.59627976190477,58.14806547619048,57.87217261904763,57.65798911043926,58.243863177116026,57.95032406784232,57.95032406784232,5.649675932157685
742.0,55.0,63.1,64.0,63.55,57.59627976190477,58.14806547619048,57.87217261904763,57.654582120133824,58.239006231894635,57.946199077953295,57.946199077953295,5.603800922046702
743.0,55.0,63.1,64.0,63.55,57.59627976190477,58.14806547619048,57.87217261904763,57.65136323071127,58.23439553388644,57.942291813286865,57.942291813286865,5.607708186713133
744.0,55.0,63.1,64.0,63.55,57.59627976190477,58.14806547619048,57.87217261904763,57.64832205706951,58.23001859835315,57.93859078186999,57.93859078186999,5.611409218130007
745.0,55.0,63.1,64.0,63.55,57.59627976190477,58.14806547619048,57.87217261904763,57.64544878747082,58.225863573532926,57.935085098298984,57.935085098298984,5.614914901701013
746.0,55.0,63.1,64.0,63.55,57.59627976190477,58.14806547619048,57.87217261904763,57.642734151886266,58.221919208548485,57.93176445172355,57.93176445172355,5.618235548276445
747.0,55.0,63.1,64.0,63.55,57.59627976190477,58.14806547619048,57.87217261904763,57.640169392087785,58.21817482294223,57.92861907552071,57.92861907552071,5.62138092447929
748.0,55.0,63.1,64.1,63.599999999999994,57.59627976190477,58.14806547619048,57.87217261904763,57.63774623339151,58.21462027775596,57.92563971856938,57.92563971856938,5.674360281430616
749.0,55.0,63.1,64.1,63.599999999999994,57.59627976190477,58.14806547619048,57.87217261904763,57.63545685796119,58.211245948076844,57.92281761804119,57.92281761804119,5.677182381958808
750.0,55.0,63.1,64.1,63.599999999999994,57.59627976190477,58.14806547619048,57.87217261904763,57.63329387958547,58.20804269697531,57.92014447362736,57.92014447362736,5.679855526372634
751.0,55.0,63.1,64.1,63.599999999999994,57.59627976190477,58.14806547619048,57.87217261904763,57.63125031984781,58.2050018507643,57.917612423126045,57.917612423126045,5.68238757687395
752.0,55.0,63.1,64.1,63.599999999999994,57.59627976190477,58.14806547619048,57.87217261904763,57.62931958561196,58.20211517551282,57.915214019318135,57.915214019318135,5.684785980681859
753.0,55.0,63.1,64.0,63.55,57.59627976190477,58.14806547619048,57.87217261904763,57.62749544775057,58.199374854750374,57.91294220806366,57.91294220806366,5.637057791936336
754.0,55.0,63.1,64.0,63.55,57.59627976190477,58.14806547619048,57.87217261904763,57.625772021048135,58.19677346830162,57.91079030755427,57.91079030755427,5.639209692445725
755.0,55.0,63.1,64.0,63.55,57.59627976190477,58.14806547619048,57.87217261904763,57.624143745213544,58.194303972194284,57.90875198866084,57.90875198866084,5.641248011339158
756.0,55.0,63.1,64.0,63.55,57.59627976190477,58.14806547619048,57.87217261904763,57.62260536694091,58.19195967958559,57.90682125631834,57.90682125631834,5.643178743681659
757.0,55.0,63.1,64.0,63.55,57.59627976190477,58.14806547619048,57.87217261904763,57.62115192296082,58.18973424265582,57.90499243189327,57.90499243189327,5.6450075681067275
758.0,55.0,63.1,64.0,63.55,57.59627976190477,58.14806547619048,57.87217261904763,57.61977872402734,58.187621635419845,57.903260136481784,57.903260136481784,5.6467398635182136
759.0,55.0,63.1,64.0,63.55,57.59627976190477,58.14806547619048,57.87217261904763,57.61848133978912,58.185616137410086,57.90161927508934,57.90161927508934,5.648380724910659
760.0,55.0,63.1,64.0,63.55,57.59627976190477,58.14806547619048,57.87217261904763,57.61725558449574,58.18371231818678,57.9000650216454,57.9000650216454,5.649934978354594
761.0,55.0,63.1,64.0,63.55,57.59627976190477,58.14806547619048,57.87217261904763,57.616097503493215,58.18190502263356,57.898592804809105,57.898592804809105,5.651407195190892
762.0,55.0,63.1,64.0,63.55,57.59627976190477,58.14806547619048,57.87217261904763,57.61500336046512,58.18018935699855,57.8971982945241,57.8971982945241,5.652801705475895
763.0,55.0,63.1,64.0,63.55,57.59627976190477,58.14806547619048,57.87217261904763,57.61396962537808,58.17856067564319,57.89587738928308,57.89587738928308,5.654122610716918
764.0,55.0,62.9,63.9,63.4,57.59627976190477,58.14806547619048,57.87217261904763,57.61299296309288,58.17701456846289,57.894626204064494,57.894626204064494,5.505373795935505
765.0,45.0,62.2,63.6,62.900000000000006,48.52215995440731,48.91931041033436,48.72073518237084,57.11108554283191,57.70764879519842,57.41040987421886,57.41040987421886,5.489590125781149
766.0,45.0,61.1,63.0,62.05,48.52215995440731,48.91931041033436,48.72073518237084,56.63688857091735,57.26207987538156,56.95175145143084,56.95175145143084,5.09824854856916
767.0,45.0,59.7,62.0,60.85,48.52215995440731,48.91931041033436,48.72073518237084,56.188872145784565,56.83910130809922,56.51730193821129,56.51730193821129,4.332698061788712
768.0,45.0,58.4,60.9,59.65,48.52215995440731,48.91931041033436,48.72073518237084,55.76559083216006,56.43756776205709,56.10578353985859,56.10578353985859,3.5442164601414063
769.0,45.0,57.5,59.9,58.7,48.52215995440731,48.91931041033436,48.72073518237084,55.365678997654015,56.05639197427885,55.715985906233,55.715985906233,2.9840140937670014
770.0,45.0,56.8,59.0,57.9,48.52215995440731,48.91931041033436,48.72073518237084,54.98784640682091,55.6945418060413,55.346762571897685,55.346762571897685,2.553237428102314
771.0,45.0,56.4,58.3,57.349999999999994,48.52215995440731,48.91931041033436,48.72073518237084,54.63087405847321,55.35103744807373,54.99702758415624,54.99702758415624,2.3529724158437517
772.0,45.0,56.2,57.7,56.95,48.52215995440731,48.91931041033436,48.72073518237084,54.2936102528182,55.02494876745373,54.66575230906915,54.66575230906915,2.2842476909308544
773.0,45.0,56.1,57.2,56.650000000000006,48.52215995440731,48.91931041033436,48.72073518237084,53.97496687572919,54.715392789015354,54.35196240605504,54.35196240605504,2.2980375939449686
774.0,45.0,55.9,56.8,56.349999999999994,48.52215995440731,48.91931041033436,48.72073518237084,53.67391588816325,54.42153130445004,54.05473496217858,54.05473496217858,2.295265037821416
775.0,45.0,55.8,56.5,56.15,48.52215995440731,48.91931041033436,48.72073518237084,53.3894860093991,54.14256860262608,53.77319577769641,53.77319577769641,2.3768042223035906
776.0,45.0,55.5,56.2,55.85,48.52215995440731,48.91931041033436,48.72073518237084,53.12075958339437,53.87774931498095,53.50651679487734,53.50651679487734,2.3434832051226593
777.0,45.0,55.2,56.0,55.6,48.52215995440731,48.91931041033436,48.72073518237084,52.86686961815215,53.62635637015234,53.253913662534615,53.253913662534615,2.346086337465387
778.0,45.0,55.0,55.8,55.4,48.52215995440731,48.91931041033436,48.72073518237084,52.62699698854498,53.38770905230934,53.014643429107004,53.014643429107004,2.385356570892995
779.0,45.0,54.9,55.7,55.3,48.52215995440731,48.91931041033436,48.72073518237084,52.40036779357161,53.16116115792637,52.78800235750371,52.78800235750371,2.51199764249629
780.0,45.0,54.9,55.6,55.25,48.52215995440731,48.91931041033436,48.72073518237084,52.186250859520456,52.94609924600863,52.573323855286134,52.573323855286134,2.6766761447138663
781.0,45.0,54.9,55.5,55.2,48.52215995440731,48.91931041033436,48.72073518237084,51.98395538098401,52.74194097703117,52.36997651409878,52.36997651409878,2.830023485901222
782.0,45.0,54.8,55.4,55.099999999999994,48.52215995440731,48.91931041033436,48.72073518237084,51.79282869211355,52.548133536093815,52.17736225258294,52.17736225258294,2.922637747417056
783.0,45.0,54.8,55.3,55.05,48.52215995440731,48.91931041033436,48.72073518237084,51.61225416092351,52.36415213602212,51.994914557311084,51.994914557311084,3.055085442688913
784.0,45.0,54.8,55.2,55.0,48.52215995440731,48.91931041033436,48.72073518237084,51.44164919985184,52.18949859636116,51.822096816568276,51.822096816568276,3.1779031834317237
785.0,45.0,54.7,55.1,54.900000000000006,48.52215995440731,48.91931041033436,48.72073518237084,51.2804633861579,52.023699994414365,51.65840074207993,51.65840074207993,3.241599257920079
786.0,45.0,54.7,55.0,54.85,48.52215995440731,48.91931041033436,48.72073518237084,51.12817668609375,51.86630738467467,51.50334487404394,51.50334487404394,3.3466551259560617
787.0,45.0,54.7,54.9,54.8,48.52215995440731,48.91931041033436,48.72073518237084,50.9842977771194,51.716894583180604,51.35647316507021,51.35647316507021,3.4435268349297843
788.0,45.0,54.5,54.9,54.7,48.52215995440731,48.91931041033436,48.72073518237084,50.84836246274901,51.575057013505464,51.21735363886269,51.21735363886269,3.482646361137313
789.0,45.0,54.3,54.8,54.55,48.52215995440731,48.91931041033436,48.72073518237084,50.7199321749139,51.440410611254926,51.08557711969883,51.08557711969883,3.4644228803011643
790.0,45.0,54.1,54.8,54.45,48.52215995440731,48.91931041033436,48.72073518237084,50.59859255901052,51.312590784106604,50.9607560289697,50.9607560289697,3.489243971030305
791.0,45.0,54.0,54.8,54.4,48.52215995440731,48.91931041033436,48.72073518237084,50.48395213706828,51.19125142457566,50.84252324524108,50.84252324524108,3.557476754758916
792.0,45.0,54.0,54.8,54.4,48.52215995440731,48.91931041033436,48.72073518237084,50.37564104472429,51.076063972833175,50.73053102448287,50.73053102448287,3.669468975517127
793.0,45.0,54.1,54.8,54.45,48.52215995440731,48.91931041033436,48.72073518237084,50.27330983793007,50.96671652703969,50.62444997729088,50.62444997729088,3.8255500227091233
794.0,45.0,54.1,54.8,54.45,48.52215995440731,48.91931041033436,48.72073518237084,50.1766283655403,50.862912998784786,50.52396810009295,50.52396810009295,3.926031899907052
795.0,45.0,54.2,54.8,54.5,48.52215995440731,48.91931041033436,48.72073518237084,50.085284704146275,50.76437231134601,50.42878985748995,50.42878985748995,4.071210142510047
796.0,45.0,54.2,54.7,54.45,48.52215995440731,48.91931041033436,48.72073518237084,49.99898415171747,50.67082763859594,50.33863531303263,50.33863531303263,4.11136468696737
797.0,45.0,54.1,54.6,54.35,48.52215995440731,48.91931041033436,48.72073518237084,49.9174482768045,50.58202568249679,50.25323930587784,50.25323930587784,4.09676069412216
798.0,45.0,54.1,54.6,54.35,48.52215995440731,48.91931041033436,48.72073518237084,49.84041402023576,50.497725987226026,50.17235067090244,50.17235067090244,4.177649329097562
799.0,45.0,54.1,54.6,54.35,48.52215995440731,48.91931041033436,48.72073518237084,49.76763284640974,50.41770028807578,50.09573149998121,50.09573149998121,4.254268500018789
800.0,45.0,54.1,54.6,54.35,48.52215995440731,48.91931041033436,48.72073518237084,49.698869941444634,50.34173189336312,50.02315644225597,50.02315644225597,4.326843557744034
801.0,45.0,54.0,54.6,54.3,48.52215995440731,48.91931041033436,48.72073518237084,49.6339034555984,50.26961509767749,49.95441204133784,49.95441204133784,4.345587958662158
802.0,45.0,54.0,54.6,54.3,48.52215995440731,48.91931041033436,48.72073518237084,49.572523787515,50.201154624876466,49.88929610749342,49.88929610749342,4.410703892506575
803.0,45.0,54.0,54.5,54.25,48.52215995440731,48.91931041033436,48.72073518237084,49.51453290798759,50.1361650993217,49.827617122968114,49.827617122968114,4.422382877031886
804.0,45.0,54.0,54.5,54.25,48.52215995440731,48.91931041033436,48.72073518237084,49.45974372105694,50.074470543923155,49.76919367869774,49.76919367869774,4.480806321302261
805.0,45.0,53.9,54.5,54.2,48.52215995440731,48.91931041033436,48.72073518237084,49.407979460383785,50.01590390363253,49.71385394075161,49.71385394075161,4.486146059248391
806.0,45.0,53.9,54.5,54.2,48.52215995440731,48.91931041033436,48.72073518237084,49.35907311894767,49.96030659309558,49.66143514493783,49.66143514493783,4.53856485506217
807.0,45.0,53.9,54.5,54.2,48.52215995440731,48.91931041033436,48.72073518237084,49.31286691023219,49.90752806723849,49.61178311808435,49.61178311808435,4.588216881915656
808.0,45.0,53.9,54.5,54.2,48.52215995440731,48.91931041033436,48.72073518237084,49.26921175915843,49.857425413625485,49.56475182458768,49.56475182458768,4.635248175412322
809.0,45.0,53.8,54.5,54.15,48.52215995440731,48.91931041033436,48.72073518237084,49.22796682112407,49.809862965483944,49.520202936895814,49.520202936895814,4.629797063104185
810.0,45.0,53.8,54.5,54.15,48.52215995440731,48.91931041033436,48.72073518237084,49.18899902759648,49.764711934349144,49.47800542866178,49.47800542866178,4.671994571338217
811.0,45.0,53.8,54.5,54.15,48.52215995440731,48.91931041033436,48.72073518237084,49.152182656793734,49.721850061333924,49.438035189371476,49.438035189371476,4.711964810628523
812.0,45.0,53.8,54.5,54.15,48.52215995440731,48.91931041033436,48.72073518237084,49.11739892806849,49.68116128607899,49.40017465931212,49.40017465931212,4.749825340687877
813.0,45.0,53.8,54.5,54.15,48.52215995440731,48.91931041033436,48.72073518237084,49.08453561868599,49.642535432487406,49.36431248380788,49.36431248380788,4.7856875161921195
814.0,45.0,53.8,54.5,54.15,48.52215995440731,48.91931041033436,48.72073518237084,49.053486701759894,49.60586791039241,49.330343185705594,49.330343185705594,4.8196568142944045
815.0,45.0,53.8,54.5,54.15,48.52215995440731,48.91931041033436,48.72073518237084,49.02415200417777,49.57105943235066,49.29816685514736,49.29816685514736,4.851833144852641
816.0,45.0,53.8,54.5,54.15,48.52215995440731,48.91931041033436,48.72073518237084,48.99643688341259,49.538015744794016,49.26768885571753,49.26768885571753,4.882311144282468
817.0,45.0,53.8,54.5,54.15,48.52215995440731,48.91931041033436,48.72073518237084,48.97025192217759,49.50664737281201,49.23881954609992,49.23881954609992,4.91118045390008
818.0,45.0,53.8,54.5,54.15,48.52215995440731,48.91931041033436,48.72073518237084,48.945512639939274,49.47686937787381,49.21147401642641,49.21147401642641,4.938525983573591
819.0,45.0,53.8,54.5,54.15,48.52215995440731,48.91931041033436,48.72073518237084,48.922139220357934,49.44860112783366,49.18557183854167,49.18557183854167,4.964428161458329
820.0,45.0,53.8,54.4,54.099999999999994,48.52215995440731,48.91931041033436,48.72073518237084,48.90005625377618,49.421766078597116,49.1610368294494,49.1610368294494,4.938963170550593
821.0,45.0,53.8,54.4,54.099999999999994,48.52215995440731,48.91931041033436,48.72073518237084,48.879192493924776,49.39629156685673,49.137796827244316,49.137796827244316,4.962203172755679
822.0,45.0,53.8,54.4,54.099999999999994,48.52215995440731,48.91931041033436,48.72073518237084,48.859480628060865,49.37210861333611,49.11578347887093,49.11578347887093,4.984216521129063
823.0,45.0,53.8,54.4,54.099999999999994,48.52215995440731,48.91931041033436,48.72073518237084,48.84085705979683,49.349151736009446,49.09493203908484,49.09493203908484,5.005067960915156
824.0,45.0,53.8,54.4,54.099999999999994,48.52215995440731,48.91931041033436,48.72073518237084,48.823261703919336,49.32735877279087,49.07518118002521,49.07518118002521,5.024818819974783
825.0,45.0,53.8,54.4,54.099999999999994,48.52215995440731,48.91931041033436,48.72073518237084,48.80663779253638,49.30667071321343,49.05647281083848,49.05647281083848,5.043527189161516
826.0,45.0,53.8,54.4,54.099999999999994,48.52215995440731,48.91931041033436,48.72073518237084,48.79093169192708,49.287031538641926,49.03875190682259,49.03875190682259,5.061248093177404
827.0,45.0,53.8,54.4,54.099999999999994,48.52215995440731,48.91931041033436,48.72073518237084,48.776092729503205,49.26838807058703,49.02196634758939,49.02196634758939,5.078033652410603
828.0,45.0,53.8,54.4,54.099999999999994,48.52215995440731,48.91931041033436,48.72073518237084,48.762073030324224,49.250689826709795,49.00606676376914,49.00606676376914,5.093933236230853
829.0,45.0,53.8,54.4,54.099999999999994,48.52215995440731,48.91931041033436,48.72073518237084,48.7488273626384,49.23388888412681,48.99100639180625,48.99100639180625,5.108993608193742
830.0,45.0,53.7,54.4,54.05,48.52215995440731,48.91931041033436,48.72073518237084,48.7363129919516,49.217939749645744,48.97674093641919,48.97674093641919,5.073259063580807
831.0,45.0,53.7,54.4,54.05,48.52215995440731,48.91931041033436,48.72073518237084,48.72448954315299,49.202799236579956,48.963228440320044,48.963228440320044,5.086771559679953
832.0,45.0,53.7,54.4,54.05,48.52215995440731,48.91931041033436,48.72073518237084,48.713318870252856,49.18842634780863,48.95042916081053,48.95042916081053,5.099570839189468
833.0,45.0,53.7,54.4,54.05,48.52215995440731,48.91931041033436,48.72073518237084,48.702764933312174,49.174782164765745,48.938305452891534,48.938305452891534,5.111694547108463
834.0,45.0,53.7,54.4,54.05,48.52215995440731,48.91931041033436,48.72073518237084,48.692793682167,49.161829742057286,48.92682165854234,48.92682165854234,5.12317834145766
835.0,45.0,53.7,54.4,54.05,48.52215995440731,48.91931041033436,48.72073518237084,48.68337294657241,49.149534007421416,48.91594400184393,48.91594400184393,5.1340559981560645
836.0,45.0,53.7,54.4,54.05,48.52215995440731,48.91931041033436,48.72073518237084,48.67447233241166,49.13786166676063,48.90564048963791,48.90564048963791,5.1443595103620865
837.0,45.0,53.7,54.4,54.05,48.52215995440731,48.91931041033436,48.72073518237084,48.66606312363564,49.12678111398876,48.8958808174288,48.8958808174288,5.1541191825712005
838.0,45.0,53.7,54.4,54.05,48.52215995440731,48.91931041033436,48.72073518237084,48.6581181896163,49.11626234544884,48.88663628025306,48.88663628025306,5.16336371974694
839.0,45.0,53.7,54.4,54.05,48.52215995440731,48.91931041033436,48.72073518237084,48.65061189761514,49.106276878669824,48.87787968825257,48.87787968825257,5.1721203117474275
840.0,45.0,53.7,54.4,54.05,48.52215995440731,48.91931041033436,48.72073518237084,48.64352003008426,49.096797675242506,48.86958528670436,48.86958528670436,5.18041471329564
841.0,45.0,53.7,54.4,54.05,48.52215995440731,48.91931041033436,48.72073518237084,48.63681970653333,49.08779906760553,48.86172868027126,48.86172868027126,5.1882713197287345
842.0,45.0,53.7,54.4,54.05,48.52215995440731,48.91931041033436,48.72073518237084,48.63048930971025,49.07925668954337,48.85428676125086,48.85428676125086,5.195713238749136
843.0,45.0,53.7,54.4,54.05,48.52215995440731,48.91931041033436,48.72073518237084,48.624508415857434,49.071147410208084,48.8472376416115,48.8472376416115,5.202762358388497
844.0,45.0,53.7,54.4,54.05,48.52215995440731,48.91931041033436,48.72073518237084,48.61885772881863,49.06344927148615,48.84056058861565,48.84056058861565,5.209439411384345
845.0,45.0,53.7,54.4,54.05,48.52215995440731,48.91931041033436,48.72073518237084,48.613519017783744,49.05614142854082,48.83423596384118,48.83423596384118,5.2157640361588165
846.0,45.0,53.7,54.4,54.05,48.52215995440731,48.91931041033436,48.72073518237084,48.60847505847079,49.04920409336894,48.828245165421166,48.828245165421166,5.221754834578832
847.0,45.0,53.7,54.4,54.05,48.52215995440731,48.91931041033436,48.72073518237084,48.60370957755516,49.0426184812195,48.822570573332456,48.822570573332456,5.227429426667541
848.0,45.0,53.7,54.4,54.05,48.52215995440731,48.91931041033436,48.72073518237084,48.59920720016705,49.03636675972871,48.817195497571994,48.817195497571994,5.232804502428003
849.0,45.0,53.7,54.4,54.05,48.52215995440731,48.91931041033436,48.72073518237084,48.59495340028749,49.03043200063395,48.81210412906849,48.81210412906849,5.23789587093151
850.0,45.0,53.7,54.4,54.05,48.52215995440731,48.91931041033436,48.72073518237084,48.590934453883044,49.02479813393585,48.807281493185066,48.807281493185066,5.242718506814931
851.0,45.0,53.7,54.4,54.05,48.52215995440731,48.91931041033436,48.72073518237084,48.58713739462801,49.01944990438429,48.80271340567617,48.80271340567617,5.247286594323825
852.0,45.0,53.7,54.4,54.05,48.52215995440731,48.91931041033436,48.72073518237084,48.58354997207111,49.014372830170615,48.79838643096912,48.79838643096912,5.25161356903088
853.0,45.0,53.7,54.4,54.05,48.52215995440731,48.91931041033436,48.72073518237084,48.58016061211191,49.009553163714145,48.79428784264762,48.79428784264762,5.255712157352377
854.0,45.0,53.7,54.4,54.05,48.52215995440731,48.91931041033436,48.72073518237084,48.57695837965927,49.004977854436795,48.79040558602114,48.79040558602114,5.25959441397886
855.0,45.0,53.7,54.4,54.05,48.52215995440731,48.91931041033436,48.72073518237084,48.57393294335147,49.000634513425034,48.78672824266981,48.78672824266981,5.2632717573301875
856.0,45.0,53.7,54.4,54.05,48.52215995440731,48.91931041033436,48.72073518237084,48.57107454222417,48.99651137988348,48.783244996860844,48.783244996860844,5.266755003139153
857.0,45.0,53.7,54.4,54.05,48.52215995440731,48.91931041033436,48.72073518237084,48.56837395421855,48.992597289289286,48.77994560373746,48.77994560373746,5.2700543962625375
858.0,45.0,53.7,54.4,54.05,48.52215995440731,48.91931041033436,48.72073518237084,48.565822466428266,48.98888164316112,48.77682035918692,48.77682035918692,5.273179640813076
859.0,45.0,53.7,54.4,54.05,48.52215995440731,48.91931041033436,48.72073518237084,48.56341184698892,48.985354380360874,48.773860071299,48.773860071299,5.276139928700999
860.0,45.0,53.7,54.4,54.05,48.52215995440731,48.91931041033436,48.72073518237084,48.56113431851966,48.9820059498503,48.77105603333087,48.77105603333087,5.278943966669125
861.0,45.0,53.7,54.4,54.05,48.52215995440731,48.91931041033436,48.72073518237084,48.558982533031,48.97882728482898,48.76839999809904,48.76839999809904,5.281600001900955
862.0,45.0,53.7,54.4,54.05,48.52215995440731,48.91931041033436,48.72073518237084,48.55694954821798,48.975809778183454,48.76588415372286,48.76588415372286,5.284115846277139
863.0,45.0,53.7,54.4,54.05,48.52215995440731,48.91931041033436,48.72073518237084,48.555028805062236,48.97294525918107,48.763501100648355,48.763501100648355,5.286498899351642
864.0,45.0,53.7,54.4,54.05,48.52215995440731,48.91931041033436,48.72073518237084,48.55321410667064,48.97022597134546,48.761243829884855,48.761243829884855,5.288756170115143
865.0,45.0,53.7,54.4,54.05,48.52215995440731,48.91931041033436,48.72073518237084,48.55149959828224,48.967644551453766,48.75910570239022,48.75910570239022,5.290894297609775
866.0,45.0,53.7,54.4,54.05,48.52215995440731,48.91931041033436,48.72073518237084,48.54987974837909,48.96519400959867,48.75708042954426,48.75708042954426,5.292919570455737
867.0,45.0,53.7,54.4,54.05,48.52215995440731,48.91931041033436,48.72073518237084,48.548349330839876,48.96286771026127,48.75516205465273,48.75516205465273,5.294837945347268
868.0,45.0,53.7,54.4,54.05,48.52215995440731,48.91931041033436,48.72073518237084,48.5469034080789,48.96065935434362,48.75334493542764,48.75334493542764,5.296655064572356
869.0,45.0,53.7,54.4,54.05,48.52215995440731,48.91931041033436,48.72073518237084,48.54553731511593,48.958562962112126,48.75162372739225,48.75162372739225,5.298376272607747
870.0,45.0,53.7,54.4,54.05,48.52215995440731,48.91931041033436,48.72073518237084,48.544246644525614,48.95657285700582,48.749993368161995,48.749993368161995,5.300006631838002
871.0,45.0,53.7,54.4,54.05,48.52215995440731,48.91931041033436,48.72073518237084,48.54302723221777,48.95468365026547,48.74844906255511,48.74844906255511,5.301550937444887
872.0,45.0,53.7,54.4,54.05,48.52215995440731,48.91931041033436,48.72073518237084,48.54187514400278,48.95289022634205,48.74698626848912,48.74698626848912,5.30301373151088
873.0,45.0,53.7,54.4,54.05,48.52215995440731,48.91931041033436,48.72073518237084,48.54078666289875,48.95118772904495,48.74560068362174,48.74560068362174,5.304399316378259
874.0,45.0,53.7,54.4,54.05,48.52215995440731,48.91931041033436,48.72073518237084,48.53975827713939,48.949571548392534,48.74428823269693,48.74428823269693,5.305711767303066
875.0,45.0,53.7,54.4,54.05,48.52215995440731,48.91931041033436,48.72073518237084,48.53878666884399,48.948037308129294,48.74304505555883,48.74304505555883,5.306954944441166
876.0,45.0,53.7,54.4,54.05,48.52215995440731,48.91931041033436,48.72073518237084,48.53786870331296,48.94658085387598,48.741867495798324,48.741867495798324,5.308132504201673
877.0,45.0,53.7,54.4,54.05,48.52215995440731,48.91931041033436,48.72073518237084,48.53700141891435,48.94519824188044,48.740752089998885,48.740752089998885,5.309247910001112
878.0,45.0,53.7,54.4,54.05,48.52215995440731,48.91931041033436,48.72073518237084,48.536182017528745,48.94388572833883,48.73969555755005,48.73969555755005,5.310304442449947
879.0,45.0,53.7,54.4,54.05,48.52215995440731,48.91931041033436,48.72073518237084,48.53540785552167,48.94263975925823,48.73869479099853,48.73869479099853,5.311305209001468
880.0,45.0,53.7,54.4,54.05,48.52215995440731,48.91931041033436,48.72073518237084,48.534676435214436,48.94145696083322,48.73774684690866,48.73774684690866,5.312253153091341
881.0,45.0,53.7,54.4,54.05,48.52215995440731,48.91931041033436,48.72073518237084,48.53398539682591,48.9403341303104,48.736848937205174,48.736848937205174,5.313151062794823
882.0,45.0,53.6,54.3,53.95,48.52215995440731,48.91931041033436,48.72073518237084,48.533332510859125,48.93926822731599,48.735998420973026,48.735998420973026,5.214001579026977
883.0,45.0,53.2,54.2,53.7,48.52215995440731,48.91931041033436,48.72073518237084,48.53271567090825,48.93825636562326,48.73519279668994,48.73519279668994,4.964807203310066
884.0,35.0,52.4,53.7,53.05,39.44804014690984,39.690555344478234,39.56929774569404,48.0311482070904,48.46939775159019,48.251398510181815,48.251398510181815,4.798601489818182
885.0,35.0,51.3,53.0,52.15,39.44804014690984,39.690555344478234,39.56929774569404,47.55727242252913,48.02431027802224,47.79313985443923,47.79313985443923,4.356860145560766
886.0,35.0,50.1,52.1,51.1,39.44804014690984,39.690555344478234,39.56929774569404,47.10955945190648,47.60178874765503,47.359069007760326,47.359069007760326,3.740930992239676
887.0,35.0,49.1,51.1,50.1,39.44804014690984,39.690555344478234,39.56929774569404,46.68656483898415,47.20068906674793,46.94790928917034,46.94790928917034,3.152090710829661
888.0,35.0,48.2,50.1,49.150000000000006,39.44804014690984,39.690555344478234,39.56929774569404,46.286923876354734,46.81992514713428,46.55845140347168,46.55845140347168,2.5915485965283267
889.0,35.0,47.6,49.3,48.45,39.44804014690984,39.690555344478234,39.56929774569404,45.90934720248657,46.458465965337695,46.1895498844877,46.1895498844877,2.260450115512306
890.0,35.0,47.1,48.6,47.85,39.44804014690984,39.690555344478234,39.56929774569404,45.552616641856964,46.11533277079126,45.84011972603923,45.84011972603923,2.009880273960775
891.0,35.0,46.7,48.0,47.35,39.44804014690984,39.690555344478234,39.56929774569404,45.215581274752836,45.789596435600025,45.509133190744905,45.509133190744905,1.8408668092550968
892.0,35.0,46.5,47.5,47.0,39.44804014690984,39.690555344478234,39.56929774569404,44.89715372405875,45.48037493867062,45.195616787259375,45.195616787259375,1.8043832127406247
893.0,35.0,46.3,47.1,46.7,39.44804014690984,39.690555344478234,39.56929774569404,44.5963066470524,45.186830977395545,44.89864840705897,44.89864840705897,1.8013515929410318
894.0,35.0,46.2,46.8,46.5,39.44804014690984,39.690555344478234,39.56929774569404,44.3120694208891,44.908169700425084,44.61735461235351,44.61735461235351,1.882645387646491
895.0,35.0,46.0,46.6,46.3,39.44804014690984,39.690555344478234,39.56929774569404,44.04352501108152,44.64363655538777,44.350908067147586,44.350908067147586,1.9490919328524114
896.0,35.0,45.9,46.4,46.15,39.44804014690984,39.690555344478234,39.56929774569404,43.78980701287156,44.39251524573143,44.098525103895554,44.098525103895554,2.0514748961044447
897.0,35.0,45.8,46.2,46.0,39.44804014690984,39.690555344478234,39.56929774569404,43.55009685594894,44.15412579115241,43.85946341859336,43.85946341859336,2.140536581406643
898.0,35.0,45.6,46.0,45.8,39.44804014690984,39.690555344478234,39.56929774569404,43.32362116349799,43.92782268636113,43.63301988752801,43.63301988752801,2.1669801124719896
899.0,35.0,45.5,45.9,45.7,39.44804014690984,39.690555344478234,39.56929774569404,43.10964925705227,43.71299315319822,43.4185284992634,43.4185284992634,2.2814715007366004
900.0,35.0,45.4,45.7,45.55,39.44804014690984,39.690555344478234,39.56929774569404,42.907490799106796,43.50905548136839,43.21535839578007,43.21535839578007,2.334641604219925
901.0,35.0,45.4,45.6,45.5,39.44804014690984,39.690555344478234,39.56929774569404,42.71649356588236,43.315457453299175,43.022912017007485,43.022912017007485,2.477087982992515
902.0,35.0,45.3,45.5,45.4,39.44804014690984,39.690555344478234,39.56929774569404,42.5360413430561,43.1316748488593,42.840623343291675,42.840623343291675,2.5593766567083236
903.0,35.0,45.2,45.5,45.35,39.44804014690984,39.690555344478234,39.56929774569404,42.3655519376694,42.957210025887925,42.667956230628896,42.667956230628896,2.6820437693711057
904.0,35.0,45.2,45.4,45.3,39.44804014690984,39.690555344478234,39.56929774569404,42.204475299798915,42.791590572691035,42.504402833769035,42.504402833769035,2.795597166230962
905.0,35.0,45.1,45.3,45.2,39.44804014690984,39.690555344478234,39.56929774569404,42.05229174793063,42.634368028856294,42.34948211255073,42.34948211255073,2.8505178874492714
906.0,35.0,45.0,45.3,45.15,39.44804014690984,39.690555344478234,39.56929774569404,41.90851029231155,42.48511667092263,42.20273841707515,42.20273841707515,2.9472615829248454
907.0,35.0,45.0,45.2,45.1,39.44804014690984,39.690555344478234,39.56929774569404,41.77266705086956,42.34343235961637,42.06374014755713,42.06374014755713,3.0362598524428748
908.0,35.0,44.9,45.2,45.05,39.44804014690984,39.690555344478234,39.56929774569404,41.64432375259085,42.208931445532556,41.93207848491199,41.93207848491199,3.117921515088007
909.0,35.0,44.9,45.1,45.0,39.44804014690984,39.690555344478234,39.56929774569404,41.52306632352625,42.0812497302982,41.80736618834463,41.80736618834463,3.1926338116553694
910.0,35.0,44.8,45.1,44.95,39.44804014690984,39.690555344478234,39.56929774569404,41.40850355086455,41.960041480404605,41.689236456404174,41.689236456404174,3.2607635435958287
911.0,35.0,44.8,45.1,44.95,39.44804014690984,39.690555344478234,39.56929774569404,41.30026582076272,41.84497849103842,41.57734184815448,41.57734184815448,3.3726581518455205
912.0,35.0,44.8,45.1,44.95,39.44804014690984,39.690555344478234,39.56929774569404,41.19800392586085,41.73574919737643,41.47135326128744,41.47135326128744,3.4786467387125626
913.0,35.0,44.7,45.0,44.85,39.44804014690984,39.690555344478234,39.56929774569404,41.101387938634566,41.63205783093776,41.37095896417345,41.37095896417345,3.4790410358265547
914.0,35.0,44.7,45.0,44.85,39.44804014690984,39.690555344478234,39.56929774569404,41.01010614694992,41.533623618709036,41.27586367900226,41.27586367900226,3.574136320997738
915.0,35.0,44.7,45.0,44.85,39.44804014690984,39.690555344478234,39.56929774569404,40.92386404838663,41.44018002287389,41.185787713317474,41.185787713317474,3.6642122866825275
916.0,35.0,44.7,45.0,44.85,39.44804014690984,39.690555344478234,39.56929774569404,40.84238340008499,41.3514740190882,41.10046613739031,41.10046613739031,3.749533862609688
917.0,35.0,44.6,45.0,44.8,39.44804014690984,39.690555344478234,39.56929774569404,40.765401321051,41.26726541134681,41.01964800501338,41.01964800501338,3.780351994986617
918.0,35.0,44.6,44.9,44.75,39.44804014690984,39.690555344478234,39.56929774569404,40.692669444023515,41.1873261815865,40.94309561542236,40.94309561542236,3.806904384577642
919.0,35.0,44.6,44.9,44.75,39.44804014690984,39.690555344478234,39.56929774569404,40.62395311416698,41.1114398722641,40.87058381417504,40.87058381417504,3.879416185824958
920.0,35.0,44.6,44.9,44.75,39.44804014690984,39.690555344478234,39.56929774569404,40.559030632004614,41.039401000237916,40.801899330931334,40.801899330931334,3.9481006690686655
921.0,35.0,44.6,44.9,44.75,39.44804014690984,39.690555344478234,39.56929774569404,40.497692538149444,40.97101450036536,40.73684015218655,40.73684015218655,4.013159847813448
922.0,35.0,44.6,44.9,44.75,39.44804014690984,39.690555344478234,39.56929774569404,40.439740937525556,40.9060951973102,40.675214927113124,40.675214927113124,4.0747850728868755
923.0,35.0,44.5,44.9,44.7,39.44804014690984,39.690555344478234,39.56929774569404,40.38498886089923,40.844467304129225,40.616842404763155,40.616842404763155,4.083157595236848
924.0,35.0,44.5,44.9,44.7,39.44804014690984,39.690555344478234,39.56929774569404,40.33325966166017,40.78596394628049,40.561550900976556,40.561550900976556,4.138449099023447
925.0,35.0,44.5,44.9,44.7,39.44804014690984,39.690555344478234,39.56929774569404,40.28438644590662,40.73042670976446,40.50917779342683,40.50917779342683,4.1908222065731735
926.0,35.0,44.5,44.9,44.7,39.44804014690984,39.690555344478234,39.56929774569404,40.23821153399555,40.6777052121743,40.45956904331936,40.45956904331936,4.24043095668064
927.0,35.0,44.5,44.8,44.65,39.44804014690984,39.690555344478234,39.56929774569404,40.194585951820926,40.62765669549403,40.41257874233544,40.41257874233544,4.237421257664558
928.0,35.0,44.5,44.8,44.65,39.44804014690984,39.690555344478234,39.56929774569404,40.153368950178546,40.58014563954173,40.368068683489454,40.368068683489454,4.281931316510544
929.0,35.0,44.5,44.8,44.65,39.44804014690984,39.690555344478234,39.56929774569404,40.11442755066696,40.53504339501122,40.3259079546371,40.3259079546371,4.324092045362896
930.0,35.0,44.5,44.8,44.65,39.44804014690984,39.690555344478234,39.56929774569404,40.07763611665925,40.49222783511855,40.285972553439095,40.285972553439095,4.364027446560904
931.0,35.0,44.5,44.8,44.65,39.44804014690984,39.690555344478234,39.56929774569404,40.04287594796165,40.45158302490998,40.2481450226478,40.2481450226478,4.401854977352201
932.0,35.0,44.5,44.8,44.65,39.44804014690984,39.690555344478234,39.56929774569404,40.01003489785111,40.41299890733609,40.2123141046442,40.2123141046442,4.4376858953557985
933.0,35.0,44.4,44.8,44.599999999999994,39.44804014690984,39.690555344478234,39.56929774569404,39.97900701125638,40.37637100524192,40.17837441420911,40.17837441420911,4.421625585790885
934.0,35.0,44.4,44.8,44.599999999999994,39.44804014690984,39.690555344478234,39.56929774569404,39.949692182915165,40.34160013846621,40.14622612856613,40.14622612856613,4.453773871433867
935.0,35.0,44.4,44.8,44.599999999999994,39.44804014690984,39.690555344478234,39.56929774569404,39.921995834404576,40.308592155283726,40.1157746937848,40.1157746937848,4.484225306215194
936.0,35.0,44.4,44.8,44.599999999999994,39.44804014690984,39.690555344478234,39.56929774569404,39.89582860900276,40.277257677463446,40.08693054668037,40.08693054668037,4.513069453319623
937.0,35.0,44.4,44.8,44.599999999999994,39.44804014690984,39.690555344478234,39.56929774569404,39.87110608339736,40.24751185825233,40.059608851392234,40.059608851392234,4.54039114860776
938.0,35.0,44.4,44.8,44.599999999999994,39.44804014690984,39.690555344478234,39.56929774569404,39.84774849531056,40.21927415262931,40.033729249866305,40.033729249866305,4.56627075013369
939.0,35.0,44.4,44.8,44.599999999999994,39.44804014690984,39.690555344478234,39.56929774569404,39.82568048616213,40.192468099207375,40.00921562550744,40.00921562550744,4.590784374492557
940.0,35.0,44.4,44.8,44.599999999999994,39.44804014690984,39.690555344478234,39.56929774569404,39.80483085794,40.16702111319326,39.98599587930673,39.98599587930673,4.6140041206932665
941.0,35.0,44.4,44.8,44.599999999999994,39.44804014690984,39.690555344478234,39.56929774569404,39.78513234349417,40.14286428984407,39.96400171778526,39.96400171778526,4.635998282214736
942.0,35.0,44.4,44.8,44.599999999999994,39.44804014690984,39.690555344478234,39.56929774569404,39.76652138951271,40.11993221788866,39.943168452130635,39.943168452130635,4.656831547869359
943.0,35.0,44.4,44.8,44.599999999999994,39.44804014690984,39.690555344478234,39.56929774569404,39.74893795147974,40.09816280240856,39.92343480793545,39.92343480793545,4.676565192064544
944.0,35.0,44.4,44.8,44.599999999999994,39.44804014690984,39.690555344478234,39.56929774569404,39.73232529995379,40.077497096698806,39.90474274497816,39.90474274497816,4.695257255021836
945.0,35.0,44.4,44.8,44.599999999999994,39.44804014690984,39.690555344478234,39.56929774569404,39.71662983754166,40.05787914265349,39.887037286516275,39.887037286516275,4.712962713483719
946.0,35.0,44.4,44.8,44.599999999999994,39.44804014690984,39.690555344478234,39.56929774569404,39.70180092597713,40.0392558192437,39.87026635758983,39.87026635758983,4.729733642410167
947.0,35.0,44.4,44.8,44.599999999999994,39.44804014690984,39.690555344478234,39.56929774569404,39.687790722746755,40.02157669867769,39.854380631859456,39.854380631859456,4.745619368140538
948.0,35.0,44.3,44.8,44.55,39.44804014690984,39.690555344478234,39.56929774569404,39.67455402673557,40.004793909853696,39.83933338652872,39.83933338652872,4.710666613471275
949.0,35.0,44.3,44.8,44.55,39.44804014690984,39.690555344478234,39.56929774569404,39.66204813239475,39.9888620087357,39.8250803649239,39.8250803649239,4.724919635076098
950.0,35.0,44.3,44.8,44.55,39.44804014690984,39.690555344478234,39.56929774569404,39.6502326919607,39.97373785530116,39.811579646327075,39.811579646327075,4.738420353672922
951.0,35.0,44.3,44.8,44.55,39.44804014690984,39.690555344478234,39.56929774569404,39.63906958528109,39.95938049672747,39.79879152267974,39.79879152267974,4.7512084773202545
952.0,35.0,44.3,44.8,44.55,39.44804014690984,39.690555344478234,39.56929774569404,39.6285227968278,39.94575105650091,39.7866783817942,39.7866783817942,4.763321618205801
953.0,35.0,44.3,44.8,44.55,39.44804014690984,39.690555344478234,39.56929774569404,39.61855829950004,39.93281262914772,39.775204596729274,39.775204596729274,4.774795403270723
954.0,35.0,44.3,44.8,44.55,39.44804014690984,39.690555344478234,39.56929774569404,39.60914394484272,39.92053018030234,39.76433642100508,39.76433642100508,4.785663578994914
955.0,35.0,44.3,44.8,44.55,39.44804014690984,39.690555344478234,39.56929774569404,39.600249359325915,39.90887045184222,39.75404188934848,39.75404188934848,4.795958110651519
956.0,35.0,44.3,44.8,44.55,39.44804014690984,39.690555344478234,39.56929774569404,39.59184584635073,39.897801871832215,39.744290723677416,39.744290723677416,4.805709276322581
957.0,35.0,44.3,44.8,44.55,39.44804014690984,39.690555344478234,39.56929774569404,39.583906293665486,39.8872944690349,39.73505424404762,39.73505424404762,4.81494575595238
958.0,35.0,44.3,44.8,44.55,39.44804014690984,39.690555344478234,39.56929774569404,39.57640508589346,39.87731979175513,39.72630528429967,39.72630528429967,4.823694715700327
959.0,35.0,44.3,44.8,44.55,39.44804014690984,39.690555344478234,39.56929774569404,39.56931802189001,39.86785083079924,39.71801811215843,39.71801811215843,4.831981887841565
960.0,35.0,44.3,44.7,44.5,39.44804014690984,39.690555344478234,39.56929774569404,39.56262223666242,39.858861946340205,39.71016835354975,39.71016835354975,4.789831646450253
961.0,35.0,44.3,44.7,44.5,39.44804014690984,39.690555344478234,39.56929774569404,39.55629612760059,39.85032879849068,39.70273292091187,39.70273292091187,4.7972670790881295
962.0,35.0,44.3,44.7,44.5,39.44804014690984,39.690555344478234,39.56929774569404,39.55031928478053,39.842228281396075,39.69568994529079,39.69568994529079,4.804310054709212
963.0,35.0,44.3,44.7,44.5,39.44804014690984,39.690555344478234,39.56929774569404,39.544672425115834,39.83453846066906,39.68901871201963,39.68901871201963,4.810981287980368
964.0,35.0,44.3,44.7,44.5,39.44804014690984,39.690555344478234,39.56929774569404,39.539337330144676,39.82723851399615,39.68269959979313,39.68269959979313,4.817300400206868
965.0,35.0,44.3,44.8,44.55,39.44804014690984,39.690555344478234,39.56929774569404,39.534296787251556,39.82030867475553,39.676714022957775,39.676714022957775,4.873285977042222
966.0,35.0,44.3,44.8,44.55,39.44804014690984,39.690555344478234,39.56929774569404,39.52953453413428,39.8137301784935,39.67104437684804,39.67104437684804,4.87895562315196
967.0,35.0,44.3,44.8,44.55,39.44804014690984,39.690555344478234,39.56929774569404,39.525035206336874,39.80748521211449,39.665673986007874,39.665673986007874,4.884326013992123
968.0,35.0,44.3,44.8,44.55,39.44804014690984,39.690555344478234,39.56929774569404,39.52078428767926,39.80155686564723,39.6605870551452,39.6605870551452,4.889412944854797
969.0,35.0,44.3,44.8,44.55,39.44804014690984,39.690555344478234,39.56929774569404,39.516768063423704,39.79592908645628,39.65576862267505,39.65576862267505,4.8942313773249495
970.0,35.0,44.3,44.8,44.55,39.44804014690984,39.690555344478234,39.56929774569404,39.51297357602696,39.790586635775156,39.651204516714856,39.651204516714856,4.8987954832851415
971.0,35.0,44.3,44.8,44.55,39.44804014690984,39.690555344478234,39.56929774569404,39.50938858333534,39.78551504744308,39.64688131340239,39.64688131340239,4.903118686597608
972.0,35.0,44.3,44.8,44.55,39.44804014690984,39.690555344478234,39.56929774569404,39.506001519087874,39.7807005887339,39.64278629741373,39.64278629741373,4.907213702586269
973.0,35.0,44.3,44.8,44.55,39.44804014690984,39.690555344478234,39.56929774569404,39.502801455600085,39.77613022317096,39.638907424565204,39.638907424565204,4.911092575434793
974.0,35.0,44.3,44.8,44.55,39.44804014690984,39.690555344478234,39.56929774569404,39.49977806850799,39.7717915752272,39.635233286389266,39.635233286389266,4.914766713610732
975.0,35.0,44.1,44.7,44.400000000000006,39.44804014690984,39.690555344478234,39.56929774569404,39.496921603458624,39.767672896815,39.63175307658011,39.63175307658011,4.768246923419895
976.0,32.0,43.6,44.4,44.0,36.725804204660605,36.92192882472139,36.823866514691005,39.343927440707844,39.62339361935092,39.48354720380424,39.48354720380424,4.5164527961957575
977.0,32.0,42.7,43.9,43.3,36.725804204660605,36.92192882472139,36.823866514691005,39.19938012825867,39.486429303941826,39.34316393363041,39.34316393363041,3.95683606636959
978.0,32.0,41.5,43.1,42.3,36.725804204660605,36.92192882472139,36.823866514691005,39.0628133131553,39.35640908187527,39.210190373436184,39.210190373436184,3.089809626563813
979.0,32.0,40.4,42.2,41.3,36.725804204660605,36.92192882472139,36.823866514691005,38.933786389918424,39.23298088748943,39.08423542389817,39.08423542389817,2.215764576101826
980.0,32.0,39.5,41.3,40.4,36.725804204660605,36.92192882472139,36.823866514691005,38.811883079019836,39.1158105048581,38.96492862869805,38.96492862869805,1.4350713713019516
981.0,32.0,38.8,40.4,39.599999999999994,36.725804204660605,36.92192882472139,36.823866514691005,38.696710083839946,39.00458066280877,38.85191908494345,38.85191908494345,0.7480809150565477
982.0,32.0,38.3,39.7,39.0,36.725804204660605,36.92192882472139,36.823866514691005,38.587895821774964,38.898990175823265,38.744874411099005,38.744874411099005,0.2551255889009951
983.0,32.0,37.9,39.0,38.45,36.725804204660605,36.92192882472139,36.823866514691005,38.485089225400074,38.7987531284948,38.64347976939206,38.64347976939206,-0.1934797693920558
984.0,32.0,37.5,38.5,38.0,36.725804204660605,36.92192882472139,36.823866514691005,38.38795860982068,38.70359810133306,38.54743693981775,38.54743693981775,-0.5474369398177501
985.0,32.0,37.3,38.0,37.65,36.725804204660605,36.92192882472139,36.823866514691005,38.29619060255751,38.6132674358209,38.456463443019956,38.456463443019956,-0.8064634430199575
986.0,32.0,37.0,37.6,37.3,36.725804204660605,36.92192882472139,36.823866514691005,38.20948913251309,38.52751653673285,38.37029170946837,38.37029170946837,-1.0702917094683713
987.0,32.0,36.8,37.3,37.05,36.725804204660605,36.92192882472139,36.823866514691005,38.12757447475763,38.446113209825874,38.288668292488026,38.288668292488026,-1.238668292488029
988.0,32.0,36.6,37.0,36.8,36.725804204660605,36.92192882472139,36.823866514691005,38.05018234805255,38.36883703310942,38.21135312282676,38.21135312282676,-1.4113531228267604
989.0,32.0,36.5,36.8,36.65,36.725804204660605,36.92192882472139,36.823866514691005,37.9770630622,38.29547875999195,38.13811880256802,38.13811880256802,-1.4881188025680245
990.0,32.0,36.3,36.6,36.45,36.725804204660605,36.92192882472139,36.823866514691005,37.90798071246745,38.22583975268801,38.06874993631245,38.06874993631245,-1.6187499363124473
991.0,32.0,36.2,36.4,36.3,36.725804204660605,36.92192882472139,36.823866514691005,37.842712418488276,38.15973144435158,38.00304249766098,38.00304249766098,-1.7030424976609808
992.0,32.0,36.2,36.3,36.25,36.725804204660605,36.92192882472139,36.823866514691005,37.78104760518295,38.09697482847923,37.94080322913624,37.94080322913624,-1.6908032291362431
993.0,32.0,36.1,36.1,36.1,36.725804204660605,36.92192882472139,36.823866514691005,37.72278732338066,38.03739997420061,37.881849073777346,37.881849073777346,-1.7818490737773445
994.0,32.0,36.0,36.0,36.0,36.725804204660605,36.92192882472139,36.823866514691005,37.66774360794969,37.98084556614364,37.826006636736174,37.826006636736174,-1.8260066367361745
995.0,32.0,35.9,35.9,35.9,36.725804204660605,36.92192882472139,36.823866514691005,37.615738871365565,37.92715846762862,37.77311167529176,37.77311167529176,-1.87311167529176
996.0,32.0,35.9,35.9,35.9,36.725804204660605,36.92192882472139,36.823866514691005,37.56660533076044,37.87619330600837,37.72300861578267,37.72300861578267,-1.823008615782669
997.0,32.0,35.8,35.8,35.8,36.725804204660605,36.92192882472139,36.823866514691005,37.52018446660529,37.82781207903161,37.67555009603671,37.67555009603671,-1.8755500960367115
998.0,32.0,35.7,35.7,35.7,36.725804204660605,36.92192882472139,36.823866514691005,37.47632651127843,37.78188378116379,37.630596531952094,37.630596531952094,-1.9305965319520908
999.0,32.0,35.7,35.7,35.7,36.725804204660605,36.92192882472139,36.823866514691005,37.43488996587022,37.7382840488534,37.58801570695529,37.58801570695529,-1.8880157069552865
1000.0,32.0,35.6,35.6,35.6,36.725804204660605,36.92192882472139,36.823866514691005,37.395741143665205,37.696894823783296,37.54768238312816,37.54768238312816,-1.9476823831281607
1001.0,32.0,35.6,35.6,35.6,36.725804204660605,36.92192882472139,36.823866514691005,37.358753738828696,37.65760403319523,37.50947793286056,37.50947793286056,-1.9094779328605611
1002.0,32.0,35.5,35.5,35.5,36.725804204660605,36.92192882472139,36.823866514691005,37.32380841890629,37.62030528642185,37.47328998994504,37.47328998994504,-1.9732899899450373
1003.0,32.0,35.5,35.5,35.5,36.725804204660605,36.92192882472139,36.823866514691005,37.290792439821594,37.58489758680467,37.43901211908746,37.43901211908746,-1.939012119087458
1004.0,32.0,35.4,35.5,35.45,36.725804204660605,36.92192882472139,36.823866514691005,37.25959928213005,37.55128505821764,37.40654350286157,37.40654350286157,-1.9565435028615639
1005.0,32.0,35.4,35.5,35.45,36.725804204660605,36.92192882472139,36.823866514691005,37.23012830735527,37.51937668545608,37.375788645186645,37.375788645186645,-1.9257886451866426
1006.0,32.0,35.4,35.4,35.4,36.725804204660605,36.92192882472139,36.823866514691005,37.20228443329917,37.48908606778791,37.34665709045625,37.34665709045625,-1.9466570904562488
1007.0,32.0,35.3,35.4,35.349999999999994,36.725804204660605,36.92192882472139,36.823866514691005,37.17597782727827,37.460331184999745,37.31906315749189,37.31906315749189,-1.9690631574918953
1008.0,32.0,35.3,35.4,35.349999999999994,36.725804204660605,36.92192882472139,36.823866514691005,37.15112361629654,37.43303417530458,37.29292568753918,37.29292568753918,-1.9429256875391872
1009.0,32.0,35.3,35.4,35.349999999999994,36.725804204660605,36.92192882472139,36.823866514691005,37.12764161321969,37.40712112450942,37.268167805565234,37.268167805565234,-1.9181678055652398
1010.0,32.0,35.3,35.3,35.3,36.725804204660605,36.92192882472139,36.823866514691005,37.10545605806742,37.38252186587228,37.24471669415525,37.24471669415525,-1.9447166941552538
1011.0,32.0,35.3,35.3,35.3,36.725804204660605,36.92192882472139,36.823866514691005,37.084495373589036,37.35916979010626,37.22250337934334,37.22250337934334,-1.9225033793433397
1012.0,32.0,35.2,35.3,35.25,36.725804204660605,36.92192882472139,36.823866514691005,37.06469193433377,37.337001665016565,37.20146252774758,37.20146252774758,-1.9514625277475801
1013.0,32.0,35.2,35.3,35.25,36.725804204660605,36.92192882472139,36.823866514691005,37.04598184847081,37.31595746428185,37.181532254412716,37.181532254412716,-1.9315322544127156
1014.0,32.0,35.2,35.3,35.25,36.725804204660605,36.92192882472139,36.823866514691005,37.0283047516551,37.29598020491639,37.162653940795295,37.162653940795295,-1.9126539407952947
1015.0,32.0,35.2,35.3,35.25,36.725804204660605,36.92192882472139,36.823866514691005,37.01160361227387,37.27701579297288,37.14477206235591,37.14477206235591,-1.8947720623559121
1016.0,32.0,35.2,35.3,35.25,36.725804204660605,36.92192882472139,36.823866514691005,36.99582454744557,37.25901287706817,37.12783402525149,37.12783402525149,-1.877834025251488
1017.0,32.0,35.2,35.3,35.25,36.725804204660605,36.92192882472139,36.823866514691005,36.98091664917754,37.24192270933518,37.111790011647244,37.111790011647244,-1.8617900116472441
1018.0,32.0,35.2,35.3,35.25,36.725804204660605,36.92192882472139,36.823866514691005,36.96683182012154,37.22569901342459,37.096592833193434,37.096592833193434,-1.8465928331934336
1019.0,32.0,35.1,35.3,35.2,36.725804204660605,36.92192882472139,36.823866514691005,36.95352461839734,37.210297859198874,37.08219779223587,37.08219779223587,-1.8821977922358641
1020.0,32.0,35.1,35.3,35.2,36.725804204660605,36.92192882472139,36.823866514691005,36.94095211098353,37.19567754377929,37.06856255035199,37.06856255035199,-1.8685625503519887
1021.0,32.0,35.1,35.3,35.2,36.725804204660605,36.92192882472139,36.823866514691005,36.92907373520279,37.18179847862382,37.055647003825946,37.055647003825946,-1.8556470038259434
1022.0,32.0,35.1,35.3,35.2,36.725804204660605,36.92192882472139,36.823866514691005,36.917851167854494,37.16862308233026,37.043413165696265,37.043413165696265,-1.843413165696262
1023.0,32.0,35.1,35.2,35.150000000000006,36.725804204660605,36.92192882472139,36.823866514691005,36.90724820157258,37.1561156788742,37.03182505402933,37.03182505402933,-1.8818250540293278
1024.0,32.0,35.1,35.2,35.150000000000006,36.725804204660605,36.92192882472139,36.823866514691005,36.897230628009744,37.14424240100635,37.02084858609001,37.02084858609001,-1.8708485860900055
1025.0,32.0,35.1,35.2,35.150000000000006,36.725804204660605,36.92192882472139,36.823866514691005,36.88776612747107,37.13297109854757,37.01045147809814,37.01045147809814,-1.8604514780981347
1026.0,32.0,35.1,35.2,35.150000000000006,36.725804204660605,36.92192882472139,36.823866514691005,36.87882416464097,37.12227125133341,37.00060315027609,37.00060315027609,-1.8506031502760862
1027.0,32.0,35.1,35.2,35.150000000000006,36.725804204660605,36.92192882472139,36.823866514691005,36.87037589006714,37.11211388657231,36.99127463690811,36.99127463690811,-1.8412746369081034
1028.0,32.0,35.1,35.2,35.150000000000006,36.725804204660605,36.92192882472139,36.823866514691005,36.86239404708357,37.102471500393804,36.98243850114689,36.98243850114689,-1.832438501146882
1029.0,32.0,35.1,35.2,35.150000000000006,36.725804204660605,36.92192882472139,36.823866514691005,36.85485288387236,37.09331798337416,36.97406875431684,36.97406875431684,-1.8240687543168335
1030.0,32.0,35.0,35.2,35.1,36.725804204660605,36.92192882472139,36.823866514691005,36.84772807038064,37.08462854983792,36.966140779476696,36.966140779476696,-1.8661407794766944
1031.0,32.0,35.0,35.2,35.1,36.725804204660605,36.92192882472139,36.823866514691005,36.84099661982453,37.07637967074383,36.958631259016606,36.958631259016606,-1.8586312590166045
1032.0,32.0,35.0,35.2,35.1,36.725804204660605,36.92192882472139,36.823866514691005,36.834636814526895,37.068549009973474,36.951518106076854,36.951518106076854,-1.8515181060768526
1033.0,32.0,35.0,35.2,35.1,36.725804204660605,36.92192882472139,36.823866514691005,36.828628135849584,37.061115363850035,36.94478039958638,36.94478039958638,-1.8447803995863765
1034.0,32.0,35.0,35.2,35.1,36.725804204660605,36.92192882472139,36.823866514691005,36.82295119799418,37.054058603723526,36.938398322730116,36.938398322730116,-1.8383983227301144
1035.0,32.0,35.0,35.2,35.1,36.725804204660605,36.92192882472139,36.823866514691005,36.81758768545759,37.047359621466875,36.93235310466418,36.93235310466418,-1.832353104664179
1036.0,32.0,35.0,35.2,35.1,36.725804204660605,36.92192882472139,36.823866514691005,36.81252029394073,37.04100027773542,36.926626965307385,36.926626965307385,-1.8266269653073834
1037.0,32.0,35.0,35.2,35.1,36.725804204660605,36.92192882472139,36.823866514691005,36.8077326745197,37.034963352849616,36.92120306304682,36.92120306304682,-1.8212030630468163
1038.0,32.0,35.0,35.2,35.1,36.725804204660605,36.92192882472139,36.823866514691005,36.80320938089923,37.02923250016797,36.91606544520361,36.91606544520361,-1.8160654452036056
1039.0,32.0,35.0,35.2,35.1,36.725804204660605,36.92192882472139,36.823866514691005,36.798935819578325,37.02379220182404,36.911199001113204,36.911199001113204,-1.8111990011132022
1040.0,32.0,35.0,35.2,35.1,36.725804204660605,36.92192882472139,36.823866514691005,36.794898202767214,37.01862772670748,36.90658941768218,36.90658941768218,-1.8065894176821757
1041.0,32.0,35.0,35.2,35.1,36.725804204660605,36.92192882472139,36.823866514691005,36.791083503903856,37.013725090575534,36.90222313729081,36.90222313729081,-1.8022231372908095
1042.0,32.0,35.0,35.2,35.1,36.725804204660605,36.92192882472139,36.823866514691005,36.78747941562632,37.0090710181868,36.89808731791769,36.89808731791769,-1.798087317917691
1043.0,32.0,35.0,35.2,35.1,36.725804204660605,36.92192882472139,36.823866514691005,36.784074310065556,37.00465290735487,36.89416979536901,36.89416979536901,-1.7941697953690081
1044.0,32.0,35.0,35.2,35.1,36.725804204660605,36.92192882472139,36.823866514691005,36.78085720133039,37.00045879482441,36.890459047501444,36.890459047501444,-1.790459047501443
1045.0,32.0,35.0,35.2,35.1,36.725804204660605,36.92192882472139,36.823866514691005,36.77781771006377,36.99647732387738,36.886944160333464,36.886944160333464,-1.7869441603334622
1046.0,32.0,35.0,35.2,35.1,36.725804204660605,36.92192882472139,36.823866514691005,36.774946029955835,36.99269771358152,36.88361479594533,36.88361479594533,-1.7836147959453257
1047.0,32.0,35.0,35.2,35.1,36.725804204660605,36.92192882472139,36.823866514691005,36.772232896105805,36.98910972959807,36.88046116207338,36.88046116207338,-1.7804611620733795
1048.0,32.0,35.0,35.2,35.1,36.725804204660605,36.92192882472139,36.823866514691005,36.76966955513066,36.98570365646941,36.87747398330926,36.87747398330926,-1.7774739833092568
1049.0,32.0,35.0,35.2,35.1,36.725804204660605,36.92192882472139,36.823866514691005,36.7672477369241,36.982470271311826,36.8746444738192,36.8746444738192,-1.774644473819201
1050.0,32.0,35.0,35.2,35.1,36.725804204660605,36.92192882472139,36.823866514691005,36.764959627974676,36.97940081884196,36.87196431150335,36.87196431150335,-1.7719643115033463
1051.0,32.0,35.0,35.2,35.1,36.725804204660605,36.92192882472139,36.823866514691005,36.7627978461571,36.97648698766949,36.86942561351892,36.86942561351892,-1.7694256135189192
1052.0,32.0,35.0,35.2,35.1,36.725804204660605,36.92192882472139,36.823866514691005,36.760755416915266,36.97372088779174,36.86702091309537,36.86702091309537,-1.7670209130953651
1053.0,32.0,35.0,35.2,35.1,36.725804204660605,36.92192882472139,36.823866514691005,36.75882575076025,36.971095029229325,36.86474313757322,36.86474313757322,-1.7647431375732197
1054.0,32.0,35.0,35.2,35.1,36.725804204660605,36.92192882472139,36.823866514691005,36.75700262201066,36.96860230174493,36.86258558760215,36.86258558760215,-1.7625855876021461
1055.0,32.0,35.0,35.2,35.1,36.725804204660605,36.92192882472139,36.823866514691005,36.75528014870668,36.96623595559043,36.860541917436926,36.860541917436926,-1.7605419174369246
1056.0,32.0,35.0,35.2,35.1,36.725804204660605,36.92192882472139,36.823866514691005,36.753652773633156,36.96398958323004,36.858606116273464,36.858606116273464,-1.7586061162734623
1057.0,32.0,35.0,35.2,35.1,36.725804204660605,36.92192882472139,36.823866514691005,36.75211524639032,36.96185710199016,36.85677249056996,36.85677249056996,-1.7567724905699578
1058.0,32.0,35.0,35.2,35.1,36.725804204660605,36.92192882472139,36.823866514691005,36.750662606454426,36.959832737588876,36.85503564730112,36.85503564730112,-1.7550356473011206
1059.0,32.0,35.0,35.2,35.1,36.725804204660605,36.92192882472139,36.823866514691005,36.74929016717365,36.95791100850044,36.85339047809634,36.85339047809634,-1.7533904780963354
1060.0,32.0,35.0,35.2,35.1,36.725804204660605,36.92192882472139,36.823866514691005,36.74799350064749,36.95608671111258,36.85183214421502,36.85183214421502,-1.7518321442150153
1061.0,32.0,35.0,35.2,35.1,36.725804204660605,36.92192882472139,36.823866514691005,36.74676842344108,36.95435490563627,36.85035606231499,36.85035606231499,-1.7503560623149852
1062.0,32.0,35.0,35.2,35.1,36.725804204660605,36.92192882472139,36.823866514691005,36.74561098308816,36.95271090272987,36.84895789097205,36.84895789097205,-1.7489578909720507
1063.0,32.0,35.0,35.2,35.1,36.725804204660605,36.92192882472139,36.823866514691005,36.74451744533923,36.95115025080145,36.84763351791106,36.84763351791106,-1.747633517911062
1064.0,32.0,34.9,35.1,35.0,36.725804204660605,36.92192882472139,36.823866514691005,36.74348428211373,36.949668723954865,36.84637904791099,36.84637904791099,-1.8463790479109932
1065.0,32.0,34.9,35.1,35.0,36.725804204660605,36.92192882472139,36.823866514691005,36.742508160117424,36.948262310547,36.84519079134837,36.84519079134837,-1.8451907913483723
1066.0,32.0,34.8,35.1,34.95,36.725804204660605,36.92192882472139,36.823866514691005,36.74158593008818,36.94692720232512,36.84406525334544,36.84406525334544,-1.8940652533454383
1067.0,32.0,34.7,35.0,34.85,36.725804204660605,36.92192882472139,36.823866514691005,36.740714616635486,36.94565978411496,36.84299912349109,36.84299912349109,-1.9929991234910887
1068.0,32.0,34.6,34.9,34.75,36.725804204660605,36.92192882472139,36.823866514691005,36.73989140864099,36.94445662403166,36.841989266104335,36.841989266104335,-2.091989266104335
1069.0,32.0,34.5,34.8,34.65,36.725804204660605,36.92192882472139,36.823866514691005,36.73911365018896,36.94331446418699,36.8410327110117,36.8410327110117,-2.191032711011701
1070.0,32.0,34.4,34.7,34.55,36.725804204660605,36.92192882472139,36.823866514691005,36.73837883199751,36.942230211867724,36.84012664481142,36.84012664481142,-2.290126644811423
1071.0,32.0,34.2,34.6,34.400000000000006,36.725804204660605,36.92192882472139,36.823866514691005,36.737684583322896,36.94120093116124,36.8392684025987,36.8392684025987,-2.4392684025986924
1072.0,32.0,34.1,34.5,34.3,36.725804204660605,36.92192882472139,36.823866514691005,36.737028664310806,36.94022383500575,36.838455460127754,36.838455460127754,-2.538455460127757
1073.0,32.0,34.1,34.4,34.25,36.725804204660605,36.92192882472139,36.823866514691005,36.73640895876991,36.93929627764355,36.837685426387544,36.837685426387544,-2.5876854263875444
1074.0,32.0,34.0,34.3,34.15,36.725804204660605,36.92192882472139,36.823866514691005,36.735823467344375,36.93841574745689,36.83695603656938,36.83695603656938,-2.6869560365693843
1075.0,32.0,33.9,34.2,34.05,36.725804204660605,36.92192882472139,36.823866514691005,36.73527030106338,36.93757986016709,36.83626514540571,36.83626514540571,-2.7862651454057143
1076.0,32.0,33.8,34.1,33.95,36.725804204660605,36.92192882472139,36.823866514691005,36.7347476752467,36.936786352378455,36.83561072086049,36.83561072086049,-2.885610720860484
1077.0,32.0,33.7,34.0,33.85,36.725804204660605,36.92192882472139,36.823866514691005,36.7342539037468,36.93603307544949,36.834990838152606,36.834990838152606,-2.984990838152605
1078.0,32.0,33.6,33.9,33.75,36.725804204660605,36.92192882472139,36.823866514691005,36.73378739350881,36.93531798967484,36.83440367409475,36.83440367409475,-3.0844036740947516
1079.0,32.0,33.5,33.8,33.65,36.725804204660605,36.92192882472139,36.823866514691005,36.73334663943089,36.934639158762295,36.83384750173109,36.83384750173109,-3.183847501731094
1080.0,32.0,33.5,33.7,33.6,36.725804204660605,36.92192882472139,36.823866514691005,36.73293021950827,36.93399474458966,36.83332068525798,36.83332068525798,-3.233320685257979
1081.0,32.0,33.4,33.6,33.5,36.725804204660605,36.92192882472139,36.823866514691005,36.73253679024546,36.933383002227586,36.83282167521275,36.83282167521275,-3.332821675212749
1082.0,32.0,33.3,33.6,33.45,36.725804204660605,36.92192882472139,36.823866514691005,36.732165082321735,36.93280227521466,36.832349003916484,36.832349003916484,-3.382349003916481
1083.0,32.0,33.3,33.5,33.4,36.725804204660605,36.92192882472139,36.823866514691005,36.73181389649592,36.93225099107211,36.83190128115729,36.83190128115729,-3.4319012811572946
1084.0,32.0,33.2,33.4,33.3,36.725804204660605,36.92192882472139,36.823866514691005,36.73148209973728,36.931727657045855,36.83147719010146,36.83147719010146,-3.5314771901014623
1085.0,32.0,33.1,33.4,33.25,36.725804204660605,36.92192882472139,36.823866514691005,36.73116862157001,36.931230856064474,36.831075483420385,36.831075483420385,-3.581075483420385
1086.0,32.0,33.1,33.3,33.2,36.725804204660605,36.92192882472139,36.823866514691005,36.7308724506196,36.930759242902106,36.83069497962196,36.83069497962196,-3.630694979621957
1087.0,32.0,33.0,33.2,33.1,36.725804204660605,36.92192882472139,36.823866514691005,36.73059263134978,36.930311540535854,36.8303345595756,36.8303345595756,-3.7303345595755957
1088.0,32.0,33.0,33.2,33.1,36.725804204660605,36.92192882472139,36.823866514691005,36.73032826097972,36.92988653668791,36.82999316322067,36.82999316322067,-3.7299931632206693
1089.0,32.0,33.0,33.1,33.05,36.725804204660605,36.92192882472139,36.823866514691005,36.73007848657136,36.92948308054297,36.82966978644867,36.82966978644867,-3.7796697864486717
1090.0,32.0,32.9,33.1,33.0,36.725804204660605,36.92192882472139,36.823866514691005,36.72984250227759,36.9291000796321,36.829363478149936,36.829363478149936,-3.8293634781499364
1091.0,32.0,32.9,33.0,32.95,36.725804204660605,36.92192882472139,36.823866514691005,36.729619546742356,36.92873649687454,36.8290733374163,36.8290733374163,-3.879073337416294
1092.0,32.0,32.8,33.0,32.9,36.725804204660605,36.92192882472139,36.823866514691005,36.729408900644266,36.92839134776957,36.828798510891296,36.828798510891296,-3.9287985108912977
1093.0,32.0,32.8,32.9,32.849999999999994,36.725804204660605,36.92192882472139,36.823866514691005,36.72920988437587,36.92806369773064,36.82853819026036,36.82853819026036,-3.978538190260366
1094.0,32.0,32.8,32.9,32.849999999999994,36.725804204660605,36.92192882472139,36.823866514691005,36.72902185585104,36.9277526595548,36.82829160987336,36.82829160987336,-3.9782916098733665
1095.0,32.0,32.7,32.9,32.8,36.725804204660605,36.92192882472139,36.823866514691005,36.72884420843339,36.92745739102026,36.82805804449272,36.82805804449272,-4.028058044492724
1096.0,32.0,32.7,32.8,32.75,36.725804204660605,36.92192882472139,36.823866514691005,36.7286763689791,36.92717709260592,36.82783680716036,36.82783680716036,-4.0778368071603595
1097.0,32.0,32.7,32.8,32.75,36.725804204660605,36.92192882472139,36.823866514691005,36.72851779598779,36.92691100532642,36.82762724717721,36.82762724717721,-4.077627247177212
1098.0,32.0,32.6,32.8,32.7,36.725804204660605,36.92192882472139,36.823866514691005,36.72836797785546,36.926658408676936,36.82742874818941,36.82742874818941,-4.127428748189409
1099.0,32.0,32.6,32.7,32.650000000000006,36.725804204660605,36.92192882472139,36.823866514691005,36.72822643122391,36.92641861868229,36.827240726375486,36.827240726375486,-4.17724072637548
1100.0,32.0,32.6,32.7,32.650000000000006,36.725804204660605,36.92192882472139,36.823866514691005,36.728092699421275,36.92619098604484,36.82706262872923,36.82706262872923,-4.1770626287292245
1101.0,32.0,32.6,32.7,32.650000000000006,36.725804204660605,36.92192882472139,36.823866514691005,36.72796635098868,36.92597489438634,36.82689393143321,36.82689393143321,-4.176893931433206
1102.0,32.0,32.5,32.6,32.55,36.725804204660605,36.92192882472139,36.823866514691005,36.72784697828821,36.92576975857896,36.82673413831812,36.82673413831812,-4.276734138318126
1103.0,32.0,32.5,32.6,32.55,36.725804204660605,36.92192882472139,36.823866514691005,36.727734196187754,36.92557502316083,36.82658277940348,36.82658277940348,-4.276582779403483
1104.0,32.0,32.5,32.6,32.55,36.725804204660605,36.92192882472139,36.823866514691005,36.72762764081845,36.92539016083203,36.8264394095153,36.8264394095153,-4.276439409515305
1105.0,32.0,32.5,32.6,32.55,36.725804204660605,36.92192882472139,36.823866514691005,36.72752696840074,36.925214671026744,36.82630360697678,36.82630360697678,-4.276303606976782
1106.0,32.0,32.5,32.6,32.55,36.725804204660605,36.92192882472139,36.823866514691005,36.727431854135226,36.92504807855786,36.82617497236805,36.82617497236805,-4.276174972368054
1107.0,32.0,32.4,32.6,32.5,36.725804204660605,36.92192882472139,36.823866514691005,36.72734199115478,36.924889932330245,36.826053127351436,36.826053127351436,-4.326053127351436
1108.0,32.0,32.4,32.5,32.45,36.725804204660605,36.92192882472139,36.823866514691005,36.72725708953449,36.92473980411932,36.82593771355867,36.82593771355867,-4.37593771355867
1109.0,32.0,32.4,32.5,32.45,36.725804204660605,36.92192882472139,36.823866514691005,36.727176875356285,36.92459728741148,36.825828391536895,36.825828391536895,-4.375828391536892
1110.0,32.0,32.4,32.5,32.45,36.725804204660605,36.92192882472139,36.823866514691005,36.72710108982518,36.924461996303386,36.82572483975024,36.82572483975024,-4.375724839750234
1111.0,32.0,32.4,32.5,32.45,36.725804204660605,36.92192882472139,36.823866514691005,36.72702948843434,36.924333564456994,36.82562675363414,36.82562675363414,-4.375626753634137
1112.0,32.0,32.4,32.5,32.45,36.725804204660605,36.92192882472139,36.823866514691005,36.726961840176216,36.92421164410761,36.82553384469957,36.82553384469957,-4.375533844699568
1113.0,32.0,32.3,32.5,32.4,36.725804204660605,36.92192882472139,36.823866514691005,36.72689792679724,36.9240959051222,36.82544583968453,36.82544583968453,-4.425445839684528
1114.0,32.0,32.3,32.4,32.349999999999994,36.725804204660605,36.92192882472139,36.823866514691005,36.72683754209371,36.92398603410551,36.82536247975032,36.82536247975032,-4.4753624797503235
1115.0,32.0,32.3,32.4,32.349999999999994,36.725804204660605,36.92192882472139,36.823866514691005,36.726780491246465,36.92388173355142,36.82528351972029,36.82528351972029,-4.475283519720293
1116.0,32.0,32.3,32.4,32.349999999999994,36.725804204660605,36.92192882472139,36.823866514691005,36.72672659019237,36.923782721037355,36.82520872735868,36.82520872735868,-4.475208727358684
1117.0,32.0,32.3,32.4,32.349999999999994,36.725804204660605,36.92192882472139,36.823866514691005,36.72667566503048,36.9236887284596,36.82513788268761,36.82513788268761,-4.475137882687619
1118.0,32.0,32.3,32.4,32.349999999999994,36.725804204660605,36.92192882472139,36.823866514691005,36.72662755146094,36.923599501307294,36.82507077734009,36.82507077734009,-4.475070777340093
1119.0,32.0,32.3,32.4,32.349999999999994,36.725804204660605,36.92192882472139,36.823866514691005,36.72658209425497,36.92351479797327,36.82500721394712,36.82500721394712,-4.475007213947123
1120.0,32.0,32.3,32.4,32.349999999999994,36.725804204660605,36.92192882472139,36.823866514691005,36.72653914675399,36.92343438909985,36.82494700555725,36.82494700555725,-4.474947005557254
1121.0,32.0,32.2,32.4,32.3,36.725804204660605,36.92192882472139,36.823866514691005,36.726498570396494,36.923358056957824,36.824889975086705,36.824889975086705,-4.524889975086708
1122.0,32.0,32.2,32.3,32.25,36.725804204660605,36.92192882472139,36.823866514691005,36.72646023427098,36.923285594856814,36.824835954798544,36.824835954798544,-4.574835954798544
1123.0,32.0,32.2,32.3,32.25,36.725804204660605,36.92192882472139,36.823866514691005,36.72642401469363,36.92321680658568,36.824784785809314,36.824784785809314,-4.574784785809314
1124.0,32.0,32.2,32.3,32.25,36.725804204660605,36.92192882472139,36.823866514691005,36.72638979480922,36.923151505881165,36.82473631762175,36.82473631762175,-4.574736317621749
1125.0,32.0,32.2,32.3,32.25,36.725804204660605,36.92192882472139,36.823866514691005,36.72635746421415,36.92308951592359,36.824690407682134,36.824690407682134,-4.574690407682134
1126.0,32.0,32.2,32.3,32.25,36.725804204660605,36.92192882472139,36.823866514691005,36.726326918600236,36.92303066885802,36.82464692096102,36.82464692096102,-4.5746469209610225
1127.0,32.0,32.2,32.3,32.25,36.725804204660605,36.92192882472139,36.823866514691005,36.72629805941816,36.92297480533977,36.82460572955609,36.82460572955609,-4.57460572955609
1128.0,32.0,32.2,32.3,32.25,36.725804204660605,36.92192882472139,36.823866514691005,36.726270793559564,36.92292177410293,36.824566712315956,36.824566712315956,-4.574566712315956
1129.0,32.0,32.2,32.3,32.25,36.725804204660605,36.92192882472139,36.823866514691005,36.72624503305661,36.92287143155079,36.824529754483855,36.824529754483855,-4.574529754483855
1130.0,32.0,32.2,32.3,32.25,36.725804204660605,36.92192882472139,36.823866514691005,36.72622069479819,36.92282364136698,36.8244947473601,36.8244947473601,-4.574494747360099
1131.0,32.0,32.2,32.3,32.25,36.725804204660605,36.92192882472139,36.823866514691005,36.726197700261785,36.92277827414638,36.824461587982405,36.824461587982405,-4.574461587982405
1132.0,32.0,32.2,32.3,32.25,36.725804204660605,36.92192882472139,36.823866514691005,36.72617597526014,36.92273520704471,36.824430178823036,36.824430178823036,-4.574430178823036
1133.0,32.0,32.1,32.2,32.150000000000006,36.725804204660605,36.92192882472139,36.823866514691005,36.726155449701885,36.922694323445896,36.82440042750196,36.82440042750196,-4.674400427501958
1134.0,32.0,32.1,32.2,32.150000000000006,36.725804204660605,36.92192882472139,36.823866514691005,36.72613605736541,36.9226555126463,36.82437224651517,36.82437224651517,-4.674372246515162
1135.0,32.0,32.1,32.2,32.150000000000006,36.725804204660605,36.92192882472139,36.823866514691005,36.72611773568523,36.92261866955497,36.824345552977256,36.824345552977256,-4.67434555297725
1136.0,32.0,32.1,32.2,32.150000000000006,36.725804204660605,36.92192882472139,36.823866514691005,36.72610042555011,36.922583694409056,36.824320268377704,36.824320268377704,-4.6743202683776985
1137.0,32.0,32.1,32.2,32.150000000000006,36.725804204660605,36.92192882472139,36.823866514691005,36.72608407111237,36.922550492503696,36.82429631834992,36.82429631834992,-4.674296318349917
1138.0,32.0,32.1,32.2,32.150000000000006,36.725804204660605,36.92192882472139,36.823866514691005,36.72606861960768,36.92251897393555,36.824273632452545,36.824273632452545,-4.67427363245254
1139.0,32.0,32.1,32.2,32.150000000000006,36.725804204660605,36.92192882472139,36.823866514691005,36.72605402118487,36.9224890533594,36.824252143962234,36.824252143962234,-4.674252143962228
1140.0,32.0,32.1,32.2,32.150000000000006,36.725804204660605,36.92192882472139,36.823866514691005,36.72604022874505,36.922460649757014,36.824231789677455,36.824231789677455,-4.6742317896774495
1141.0,32.0,32.1,32.2,32.150000000000006,36.725804204660605,36.92192882472139,36.823866514691005,36.72602719778966,36.9224336862178,36.82421250973257,36.82421250973257,-4.674212509732563
